Month,State,Loan_Commitments,Year
Aug,New South Wales,2516,2006
Sep,New South Wales,2551,2006
Oct,New South Wales,2653,2006
Nov,New South Wales,2620,2006
Dec,New South Wales,2566,2006
Jan,New South Wales,2627,2007
Feb,New South Wales,2605,2007
Mar,New South Wales,2728,2007
Apr,New South Wales,2843,2007
May,New South Wales,2701,2007
Jun,New South Wales,2742,2007
Jul,New South Wales,2734,2007
Aug,New South Wales,2699,2007
Sep,New South Wales,2528,2007
Oct,New South Wales,2786,2007
Nov,New South Wales,2808,2007
Dec,New South Wales,2764,2007
Jan,New South Wales,2785,2008
Feb,New South Wales,2729,2008
Mar,New South Wales,2398,2008
Apr,New South Wales,2438,2008
May,New South Wales,2297,2008
Jun,New South Wales,2302,2008
Jul,New South Wales,2327,2008
Aug,New South Wales,2358,2008
Sep,New South Wales,2348,2008
Oct,New South Wales,2207,2008
Nov,New South Wales,2974,2008
Dec,New South Wales,3535,2008
Jan,New South Wales,4058,2009
Feb,New South Wales,4651,2009
Mar,New South Wales,5191,2009
Apr,New South Wales,5086,2009
May,New South Wales,4961,2009
Jun,New South Wales,4934,2009
Jul,New South Wales,4336,2009
Aug,New South Wales,4029,2009
Sep,New South Wales,3881,2009
Oct,New South Wales,3568,2009
Nov,New South Wales,2905,2009
Dec,New South Wales,2537,2009
Jan,New South Wales,2358,2010
Feb,New South Wales,2090,2010
Mar,New South Wales,1878,2010
Apr,New South Wales,2002,2010
May,New South Wales,2104,2010
Jun,New South Wales,1885,2010
Jul,New South Wales,1958,2010
Aug,New South Wales,1797,2010
Sep,New South Wales,1805,2010
Oct,New South Wales,1630,2010
Nov,New South Wales,1744,2010
Dec,New South Wales,1878,2010
Jan,New South Wales,1819,2011
Feb,New South Wales,1723,2011
Mar,New South Wales,1891,2011
Apr,New South Wales,1869,2011
May,New South Wales,1953,2011
Jun,New South Wales,1841,2011
Jul,New South Wales,1791,2011
Aug,New South Wales,1801,2011
Sep,New South Wales,2090,2011
Oct,New South Wales,2424,2011
Nov,New South Wales,2832,2011
Dec,New South Wales,3423,2011
Jan,New South Wales,2953,2012
Feb,New South Wales,1660,2012
Mar,New South Wales,1370,2012
Apr,New South Wales,1482,2012
May,New South Wales,1557,2012
Jun,New South Wales,1568,2012
Jul,New South Wales,1602,2012
Aug,New South Wales,1712,2012
Sep,New South Wales,1931,2012
Oct,New South Wales,1586,2012
Nov,New South Wales,1327,2012
Dec,New South Wales,1086,2012
Jan,New South Wales,1120,2013
Feb,New South Wales,1209,2013
Mar,New South Wales,1160,2013
Apr,New South Wales,1277,2013
May,New South Wales,1210,2013
Jun,New South Wales,1240,2013
Jul,New South Wales,1380,2013
Aug,New South Wales,1340,2013
Sep,New South Wales,1293,2013
Oct,New South Wales,1297,2013
Nov,New South Wales,1359,2013
Dec,New South Wales,1290,2013
Jan,New South Wales,1334,2014
Feb,New South Wales,1372,2014
Mar,New South Wales,1386,2014
Apr,New South Wales,1311,2014
May,New South Wales,1321,2014
Jun,New South Wales,1347,2014
Jul,New South Wales,1223,2014
Aug,New South Wales,1322,2014
Sep,New South Wales,1374,2014
Oct,New South Wales,1356,2014
Nov,New South Wales,1331,2014
Dec,New South Wales,1275,2014
Jan,New South Wales,1309,2015
Feb,New South Wales,1384,2015
Mar,New South Wales,1421,2015
Apr,New South Wales,1307,2015
May,New South Wales,1237,2015
Jun,New South Wales,1290,2015
Jul,New South Wales,1276,2015
Aug,New South Wales,1201,2015
Sep,New South Wales,1201,2015
Oct,New South Wales,1141,2015
Nov,New South Wales,1082,2015
Dec,New South Wales,1190,2015
Jan,New South Wales,1227,2016
Feb,New South Wales,1247,2016
Mar,New South Wales,1079,2016
Apr,New South Wales,1308,2016
May,New South Wales,1213,2016
Jun,New South Wales,1281,2016
Jul,New South Wales,1115,2016
Aug,New South Wales,1056,2016
Sep,New South Wales,1016,2016
Oct,New South Wales,1060,2016
Nov,New South Wales,1055,2016
Dec,New South Wales,1146,2016
Jan,New South Wales,1136,2017
Feb,New South Wales,1088,2017
Mar,New South Wales,1135,2017
Apr,New South Wales,1128,2017
May,New South Wales,1242,2017
Jun,New South Wales,1267,2017
Jul,New South Wales,1659,2017
Aug,New South Wales,1939,2017
Sep,New South Wales,1920,2017
Oct,New South Wales,1883,2017
Nov,New South Wales,1973,2017
Dec,New South Wales,1928,2017
Jan,New South Wales,1983,2018
Feb,New South Wales,2263,2018
Mar,New South Wales,1923,2018
Apr,New South Wales,2055,2018
May,New South Wales,2112,2018
Jun,New South Wales,2010,2018
Jul,New South Wales,2008,2018
Aug,New South Wales,1967,2018
Sep,New South Wales,1924,2018
Oct,New South Wales,1948,2018
Nov,New South Wales,2005,2018
Dec,New South Wales,1855,2018
Jan,New South Wales,1750,2019
Feb,New South Wales,2012,2019
Mar,New South Wales,1816,2019
Apr,New South Wales,1868,2019
May,New South Wales,1935,2019
Jun,New South Wales,1991,2019
Jul,New South Wales,2146,2019
Aug,New South Wales,2231,2019
Sep,New South Wales,2201,2019
Oct,New South Wales,2137,2019
Nov,New South Wales,2314,2019
Dec,New South Wales,2331,2019
Jan,New South Wales,2470,2020
Feb,New South Wales,2461,2020
Mar,New South Wales,2553,2020
Apr,New South Wales,2454,2020
May,New South Wales,2012,2020
Jun,New South Wales,2412,2020
Jul,New South Wales,2618,2020
Aug,New South Wales,2946,2020
Sep,New South Wales,3188,2020
Oct,New South Wales,3182,2020
Nov,New South Wales,3187,2020
Dec,New South Wales,3447,2020
Jan,New South Wales,3718,2021
Feb,New South Wales,3370,2021
Mar,New South Wales,3471,2021
Apr,New South Wales,3478,2021
May,New South Wales,3368,2021
Jun,New South Wales,3364,2021
Jul,New South Wales,3239,2021
Aug,New South Wales,2912,2021
Sep,New South Wales,2849,2021
Oct,New South Wales,2722,2021
Nov,New South Wales,2748,2021
Dec,New South Wales,2695,2021
Jan,New South Wales,2927,2022
Feb,New South Wales,2380,2022
Mar,New South Wales,2451,2022
Apr,New South Wales,2337,2022
May,New South Wales,2362,2022
Jun,New South Wales,2208,2022
Jul,New South Wales,2100,2022
Aug,New South Wales,2083,2022
Sep,New South Wales,1963,2022
Oct,New South Wales,2072,2022
Nov,New South Wales,1925,2022
Dec,New South Wales,2003,2022
Jan,New South Wales,1869,2023
Feb,New South Wales,1927,2023
Mar,New South Wales,2165,2023
Apr,New South Wales,2260,2023
May,New South Wales,2408,2023
Jun,New South Wales,2335,2023
Jul,New South Wales,2192,2023
Aug,New South Wales,2280,2023
Sep,New South Wales,2128,2023
Oct,New South Wales,2417,2023
Nov,New South Wales,2373,2023
Dec,New South Wales,2311,2023
Jan,New South Wales,2166,2024
Feb,New South Wales,2385,2024
Mar,New South Wales,2359,2024
Apr,New South Wales,2596,2024
May,New South Wales,2401,2024
Jun,New South Wales,2389,2024
Jul,New South Wales,2423,2024
Aug,New South Wales,2333,2024
Aug,Victoria,2473,2006
Sep,Victoria,2568,2006
Oct,Victoria,2648,2006
Nov,Victoria,2613,2006
Dec,Victoria,2580,2006
Jan,Victoria,2449,2007
Feb,Victoria,2665,2007
Mar,Victoria,2624,2007
Apr,Victoria,2725,2007
May,Victoria,2700,2007
Jun,Victoria,2689,2007
Jul,Victoria,2656,2007
Aug,Victoria,2839,2007
Sep,Victoria,2863,2007
Oct,Victoria,2895,2007
Nov,Victoria,2968,2007
Dec,Victoria,2961,2007
Jan,Victoria,3061,2008
Feb,Victoria,2971,2008
Mar,Victoria,2498,2008
Apr,Victoria,2350,2008
May,Victoria,2254,2008
Jun,Victoria,2291,2008
Jul,Victoria,2368,2008
Aug,Victoria,2275,2008
Sep,Victoria,2281,2008
Oct,Victoria,2308,2008
Nov,Victoria,2552,2008
Dec,Victoria,2940,2008
Jan,Victoria,3383,2009
Feb,Victoria,3469,2009
Mar,Victoria,3969,2009
Apr,Victoria,4141,2009
May,Victoria,4048,2009
Jun,Victoria,4032,2009
Jul,Victoria,3861,2009
Aug,Victoria,3807,2009
Sep,Victoria,3897,2009
Oct,Victoria,4103,2009
Nov,Victoria,3441,2009
Dec,Victoria,3083,2009
Jan,Victoria,2918,2010
Feb,Victoria,3025,2010
Mar,Victoria,2374,2010
Apr,Victoria,2257,2010
May,Victoria,2303,2010
Jun,Victoria,2157,2010
Jul,Victoria,2172,2010
Aug,Victoria,2118,2010
Sep,Victoria,2090,2010
Oct,Victoria,2033,2010
Nov,Victoria,2043,2010
Dec,Victoria,2181,2010
Jan,Victoria,1880,2011
Feb,Victoria,1918,2011
Mar,Victoria,1958,2011
Apr,Victoria,1966,2011
May,Victoria,1919,2011
Jun,Victoria,1904,2011
Jul,Victoria,1933,2011
Aug,Victoria,1978,2011
Sep,Victoria,1915,2011
Oct,Victoria,2027,2011
Nov,Victoria,1953,2011
Dec,Victoria,2077,2011
Jan,Victoria,2093,2012
Feb,Victoria,2106,2012
Mar,Victoria,2139,2012
Apr,Victoria,2032,2012
May,Victoria,2286,2012
Jun,Victoria,2395,2012
Jul,Victoria,2680,2012
Aug,Victoria,2297,2012
Sep,Victoria,2188,2012
Oct,Victoria,2216,2012
Nov,Victoria,2130,2012
Dec,Victoria,2109,2012
Jan,Victoria,2178,2013
Feb,Victoria,2168,2013
Mar,Victoria,2247,2013
Apr,Victoria,2211,2013
May,Victoria,2329,2013
Jun,Victoria,2396,2013
Jul,Victoria,2561,2013
Aug,Victoria,2221,2013
Sep,Victoria,2276,2013
Oct,Victoria,2140,2013
Nov,Victoria,2173,2013
Dec,Victoria,2063,2013
Jan,Victoria,2085,2014
Feb,Victoria,2044,2014
Mar,Victoria,1974,2014
Apr,Victoria,1973,2014
May,Victoria,1953,2014
Jun,Victoria,1879,2014
Jul,Victoria,1929,2014
Aug,Victoria,2020,2014
Sep,Victoria,2094,2014
Oct,Victoria,2113,2014
Nov,Victoria,2067,2014
Dec,Victoria,2098,2014
Jan,Victoria,2041,2015
Feb,Victoria,2147,2015
Mar,Victoria,2119,2015
Apr,Victoria,2120,2015
May,Victoria,2006,2015
Jun,Victoria,2004,2015
Jul,Victoria,1974,2015
Aug,Victoria,2024,2015
Sep,Victoria,2034,2015
Oct,Victoria,1952,2015
Nov,Victoria,2037,2015
Dec,Victoria,2190,2015
Jan,Victoria,2040,2016
Feb,Victoria,2146,2016
Mar,Victoria,2057,2016
Apr,Victoria,2250,2016
May,Victoria,2255,2016
Jun,Victoria,2191,2016
Jul,Victoria,2127,2016
Aug,Victoria,1891,2016
Sep,Victoria,2016,2016
Oct,Victoria,2094,2016
Nov,Victoria,2059,2016
Dec,Victoria,2088,2016
Jan,Victoria,2074,2017
Feb,Victoria,2040,2017
Mar,Victoria,2098,2017
Apr,Victoria,2059,2017
May,Victoria,2082,2017
Jun,Victoria,2042,2017
Jul,Victoria,2575,2017
Aug,Victoria,2754,2017
Sep,Victoria,2905,2017
Oct,Victoria,2903,2017
Nov,Victoria,2939,2017
Dec,Victoria,2842,2017
Jan,Victoria,2911,2018
Feb,Victoria,2857,2018
Mar,Victoria,2846,2018
Apr,Victoria,2805,2018
May,Victoria,2780,2018
Jun,Victoria,2814,2018
Jul,Victoria,2800,2018
Aug,Victoria,2683,2018
Sep,Victoria,2642,2018
Oct,Victoria,2654,2018
Nov,Victoria,2627,2018
Dec,Victoria,2412,2018
Jan,Victoria,2402,2019
Feb,Victoria,2556,2019
Mar,Victoria,2597,2019
Apr,Victoria,2538,2019
May,Victoria,2714,2019
Jun,Victoria,2751,2019
Jul,Victoria,2824,2019
Aug,Victoria,2885,2019
Sep,Victoria,2898,2019
Oct,Victoria,3033,2019
Nov,Victoria,3117,2019
Dec,Victoria,3322,2019
Jan,Victoria,3320,2020
Feb,Victoria,3055,2020
Mar,Victoria,3043,2020
Apr,Victoria,3283,2020
May,Victoria,2990,2020
Jun,Victoria,2797,2020
Jul,Victoria,3391,2020
Aug,Victoria,4012,2020
Sep,Victoria,3712,2020
Oct,Victoria,3301,2020
Nov,Victoria,3874,2020
Dec,Victoria,4494,2020
Jan,Victoria,5249,2021
Feb,Victoria,4849,2021
Mar,Victoria,4533,2021
Apr,Victoria,4689,2021
May,Victoria,4501,2021
Jun,Victoria,4267,2021
Jul,Victoria,4075,2021
Aug,Victoria,3845,2021
Sep,Victoria,3225,2021
Oct,Victoria,3337,2021
Nov,Victoria,3548,2021
Dec,Victoria,3628,2021
Jan,Victoria,3799,2022
Feb,Victoria,3572,2022
Mar,Victoria,3456,2022
Apr,Victoria,3269,2022
May,Victoria,3446,2022
Jun,Victoria,3104,2022
Jul,Victoria,2974,2022
Aug,Victoria,3098,2022
Sep,Victoria,2875,2022
Oct,Victoria,2927,2022
Nov,Victoria,2717,2022
Dec,Victoria,2554,2022
Jan,Victoria,2438,2023
Feb,Victoria,2457,2023
Mar,Victoria,2623,2023
Apr,Victoria,2695,2023
May,Victoria,2763,2023
Jun,Victoria,2862,2023
Jul,Victoria,2818,2023
Aug,Victoria,2838,2023
Sep,Victoria,3157,2023
Oct,Victoria,3148,2023
Nov,Victoria,3183,2023
Dec,Victoria,3132,2023
Jan,Victoria,2862,2024
Feb,Victoria,2991,2024
Mar,Victoria,3195,2024
Apr,Victoria,3170,2024
May,Victoria,3075,2024
Jun,Victoria,3264,2024
Jul,Victoria,3258,2024
Aug,Victoria,3089,2024
Aug,Queensland,2387,2006
Sep,Queensland,2427,2006
Oct,Queensland,2373,2006
Nov,Queensland,2338,2006
Dec,Queensland,2369,2006
Jan,Queensland,2418,2007
Feb,Queensland,2565,2007
Mar,Queensland,2475,2007
Apr,Queensland,2650,2007
May,Queensland,2553,2007
Jun,Queensland,2505,2007
Jul,Queensland,2423,2007
Aug,Queensland,2529,2007
Sep,Queensland,2426,2007
Oct,Queensland,2451,2007
Nov,Queensland,2462,2007
Dec,Queensland,2434,2007
Jan,Queensland,2313,2008
Feb,Queensland,2116,2008
Mar,Queensland,1789,2008
Apr,Queensland,1708,2008
May,Queensland,1586,2008
Jun,Queensland,1467,2008
Jul,Queensland,1524,2008
Aug,Queensland,1485,2008
Sep,Queensland,1643,2008
Oct,Queensland,1648,2008
Nov,Queensland,2239,2008
Dec,Queensland,2567,2008
Jan,Queensland,2860,2009
Feb,Queensland,3121,2009
Mar,Queensland,3494,2009
Apr,Queensland,3493,2009
May,Queensland,3580,2009
Jun,Queensland,3414,2009
Jul,Queensland,2855,2009
Aug,Queensland,2817,2009
Sep,Queensland,2736,2009
Oct,Queensland,2586,2009
Nov,Queensland,1869,2009
Dec,Queensland,1749,2009
Jan,Queensland,1594,2010
Feb,Queensland,1358,2010
Mar,Queensland,1251,2010
Apr,Queensland,1185,2010
May,Queensland,1182,2010
Jun,Queensland,1148,2010
Jul,Queensland,1192,2010
Aug,Queensland,1178,2010
Sep,Queensland,1169,2010
Oct,Queensland,1155,2010
Nov,Queensland,1243,2010
Dec,Queensland,1289,2010
Jan,Queensland,1138,2011
Feb,Queensland,1104,2011
Mar,Queensland,1175,2011
Apr,Queensland,1216,2011
May,Queensland,1191,2011
Jun,Queensland,1236,2011
Jul,Queensland,1230,2011
Aug,Queensland,1309,2011
Sep,Queensland,1345,2011
Oct,Queensland,1490,2011
Nov,Queensland,1436,2011
Dec,Queensland,1652,2011
Jan,Queensland,1789,2012
Feb,Queensland,1479,2012
Mar,Queensland,1628,2012
Apr,Queensland,1692,2012
May,Queensland,1648,2012
Jun,Queensland,1617,2012
Jul,Queensland,1501,2012
Aug,Queensland,1653,2012
Sep,Queensland,1642,2012
Oct,Queensland,1855,2012
Nov,Queensland,1595,2012
Dec,Queensland,1465,2012
Jan,Queensland,1454,2013
Feb,Queensland,1442,2013
Mar,Queensland,1508,2013
Apr,Queensland,1566,2013
May,Queensland,1577,2013
Jun,Queensland,1636,2013
Jul,Queensland,1595,2013
Aug,Queensland,1517,2013
Sep,Queensland,1575,2013
Oct,Queensland,1619,2013
Nov,Queensland,1581,2013
Dec,Queensland,1497,2013
Jan,Queensland,1556,2014
Feb,Queensland,1657,2014
Mar,Queensland,1592,2014
Apr,Queensland,1506,2014
May,Queensland,1586,2014
Jun,Queensland,1503,2014
Jul,Queensland,1513,2014
Aug,Queensland,1676,2014
Sep,Queensland,1615,2014
Oct,Queensland,1580,2014
Nov,Queensland,1514,2014
Dec,Queensland,1523,2014
Jan,Queensland,1451,2015
Feb,Queensland,1608,2015
Mar,Queensland,1638,2015
Apr,Queensland,1582,2015
May,Queensland,1569,2015
Jun,Queensland,1616,2015
Jul,Queensland,1642,2015
Aug,Queensland,1538,2015
Sep,Queensland,1501,2015
Oct,Queensland,1394,2015
Nov,Queensland,1478,2015
Dec,Queensland,1605,2015
Jan,Queensland,1611,2016
Feb,Queensland,1665,2016
Mar,Queensland,1603,2016
Apr,Queensland,1584,2016
May,Queensland,1658,2016
Jun,Queensland,1568,2016
Jul,Queensland,1567,2016
Aug,Queensland,1650,2016
Sep,Queensland,1615,2016
Oct,Queensland,1644,2016
Nov,Queensland,1663,2016
Dec,Queensland,1780,2016
Jan,Queensland,1693,2017
Feb,Queensland,1735,2017
Mar,Queensland,1764,2017
Apr,Queensland,1898,2017
May,Queensland,1851,2017
Jun,Queensland,2116,2017
Jul,Queensland,2093,2017
Aug,Queensland,1978,2017
Sep,Queensland,1796,2017
Oct,Queensland,1845,2017
Nov,Queensland,2026,2017
Dec,Queensland,1937,2017
Jan,Queensland,1985,2018
Feb,Queensland,1828,2018
Mar,Queensland,1774,2018
Apr,Queensland,1807,2018
May,Queensland,1879,2018
Jun,Queensland,1996,2018
Jul,Queensland,2104,2018
Aug,Queensland,1772,2018
Sep,Queensland,1756,2018
Oct,Queensland,1718,2018
Nov,Queensland,1689,2018
Dec,Queensland,1486,2018
Jan,Queensland,1560,2019
Feb,Queensland,1523,2019
Mar,Queensland,1578,2019
Apr,Queensland,1542,2019
May,Queensland,1554,2019
Jun,Queensland,1637,2019
Jul,Queensland,1672,2019
Aug,Queensland,1686,2019
Sep,Queensland,1732,2019
Oct,Queensland,1746,2019
Nov,Queensland,1736,2019
Dec,Queensland,1803,2019
Jan,Queensland,1897,2020
Feb,Queensland,1903,2020
Mar,Queensland,1877,2020
Apr,Queensland,1637,2020
May,Queensland,1563,2020
Jun,Queensland,1934,2020
Jul,Queensland,2261,2020
Aug,Queensland,2652,2020
Sep,Queensland,2964,2020
Oct,Queensland,3061,2020
Nov,Queensland,3080,2020
Dec,Queensland,3286,2020
Jan,Queensland,3712,2021
Feb,Queensland,3319,2021
Mar,Queensland,3086,2021
Apr,Queensland,3105,2021
May,Queensland,2949,2021
Jun,Queensland,2726,2021
Jul,Queensland,2668,2021
Aug,Queensland,2636,2021
Sep,Queensland,2546,2021
Oct,Queensland,2425,2021
Nov,Queensland,2416,2021
Dec,Queensland,2396,2021
Jan,Queensland,2265,2022
Feb,Queensland,1982,2022
Mar,Queensland,2098,2022
Apr,Queensland,2158,2022
May,Queensland,2109,2022
Jun,Queensland,2082,2022
Jul,Queensland,1833,2022
Aug,Queensland,1979,2022
Sep,Queensland,1752,2022
Oct,Queensland,1876,2022
Nov,Queensland,1798,2022
Dec,Queensland,1777,2022
Jan,Queensland,1715,2023
Feb,Queensland,1752,2023
Mar,Queensland,1884,2023
Apr,Queensland,1867,2023
May,Queensland,1898,2023
Jun,Queensland,1926,2023
Jul,Queensland,1707,2023
Aug,Queensland,1661,2023
Sep,Queensland,1728,2023
Oct,Queensland,1713,2023
Nov,Queensland,1934,2023
Dec,Queensland,1732,2023
Jan,Queensland,1676,2024
Feb,Queensland,1753,2024
Mar,Queensland,1910,2024
Apr,Queensland,2014,2024
May,Queensland,1948,2024
Jun,Queensland,1903,2024
Jul,Queensland,2056,2024
Aug,Queensland,2076,2024
Aug,South Australia,627,2006
Sep,South Australia,677,2006
Oct,South Australia,677,2006
Nov,South Australia,690,2006
Dec,South Australia,636,2006
Jan,South Australia,626,2007
Feb,South Australia,676,2007
Mar,South Australia,731,2007
Apr,South Australia,647,2007
May,South Australia,663,2007
Jun,South Australia,614,2007
Jul,South Australia,630,2007
Aug,South Australia,631,2007
Sep,South Australia,604,2007
Oct,South Australia,646,2007
Nov,South Australia,653,2007
Dec,South Australia,695,2007
Jan,South Australia,665,2008
Feb,South Australia,659,2008
Mar,South Australia,623,2008
Apr,South Australia,640,2008
May,South Australia,589,2008
Jun,South Australia,598,2008
Jul,South Australia,648,2008
Aug,South Australia,625,2008
Sep,South Australia,545,2008
Oct,South Australia,564,2008
Nov,South Australia,762,2008
Dec,South Australia,992,2008
Jan,South Australia,1020,2009
Feb,South Australia,1072,2009
Mar,South Australia,1081,2009
Apr,South Australia,1176,2009
May,South Australia,1241,2009
Jun,South Australia,1188,2009
Jul,South Australia,1069,2009
Aug,South Australia,1001,2009
Sep,South Australia,1001,2009
Oct,South Australia,1051,2009
Nov,South Australia,760,2009
Dec,South Australia,662,2009
Jan,South Australia,620,2010
Feb,South Australia,506,2010
Mar,South Australia,509,2010
Apr,South Australia,460,2010
May,South Australia,460,2010
Jun,South Australia,444,2010
Jul,South Australia,445,2010
Aug,South Australia,473,2010
Sep,South Australia,447,2010
Oct,South Australia,426,2010
Nov,South Australia,447,2010
Dec,South Australia,435,2010
Jan,South Australia,395,2011
Feb,South Australia,404,2011
Mar,South Australia,415,2011
Apr,South Australia,374,2011
May,South Australia,389,2011
Jun,South Australia,401,2011
Jul,South Australia,401,2011
Aug,South Australia,399,2011
Sep,South Australia,455,2011
Oct,South Australia,447,2011
Nov,South Australia,436,2011
Dec,South Australia,450,2011
Jan,South Australia,464,2012
Feb,South Australia,478,2012
Mar,South Australia,442,2012
Apr,South Australia,515,2012
May,South Australia,448,2012
Jun,South Australia,429,2012
Jul,South Australia,468,2012
Aug,South Australia,479,2012
Sep,South Australia,477,2012
Oct,South Australia,459,2012
Nov,South Australia,487,2012
Dec,South Australia,503,2012
Jan,South Australia,522,2013
Feb,South Australia,561,2013
Mar,South Australia,579,2013
Apr,South Australia,596,2013
May,South Australia,574,2013
Jun,South Australia,587,2013
Jul,South Australia,650,2013
Aug,South Australia,631,2013
Sep,South Australia,620,2013
Oct,South Australia,669,2013
Nov,South Australia,687,2013
Dec,South Australia,652,2013
Jan,South Australia,689,2014
Feb,South Australia,645,2014
Mar,South Australia,604,2014
Apr,South Australia,616,2014
May,South Australia,614,2014
Jun,South Australia,601,2014
Jul,South Australia,554,2014
Aug,South Australia,505,2014
Sep,South Australia,415,2014
Oct,South Australia,453,2014
Nov,South Australia,414,2014
Dec,South Australia,432,2014
Jan,South Australia,396,2015
Feb,South Australia,384,2015
Mar,South Australia,411,2015
Apr,South Australia,385,2015
May,South Australia,398,2015
Jun,South Australia,409,2015
Jul,South Australia,397,2015
Aug,South Australia,400,2015
Sep,South Australia,440,2015
Oct,South Australia,349,2015
Nov,South Australia,391,2015
Dec,South Australia,405,2015
Jan,South Australia,396,2016
Feb,South Australia,404,2016
Mar,South Australia,426,2016
Apr,South Australia,445,2016
May,South Australia,464,2016
Jun,South Australia,429,2016
Jul,South Australia,409,2016
Aug,South Australia,404,2016
Sep,South Australia,404,2016
Oct,South Australia,436,2016
Nov,South Australia,407,2016
Dec,South Australia,345,2016
Jan,South Australia,404,2017
Feb,South Australia,404,2017
Mar,South Australia,459,2017
Apr,South Australia,398,2017
May,South Australia,428,2017
Jun,South Australia,446,2017
Jul,South Australia,456,2017
Aug,South Australia,467,2017
Sep,South Australia,470,2017
Oct,South Australia,452,2017
Nov,South Australia,483,2017
Dec,South Australia,469,2017
Jan,South Australia,453,2018
Feb,South Australia,476,2018
Mar,South Australia,449,2018
Apr,South Australia,471,2018
May,South Australia,469,2018
Jun,South Australia,447,2018
Jul,South Australia,490,2018
Aug,South Australia,506,2018
Sep,South Australia,503,2018
Oct,South Australia,511,2018
Nov,South Australia,515,2018
Dec,South Australia,473,2018
Jan,South Australia,480,2019
Feb,South Australia,517,2019
Mar,South Australia,478,2019
Apr,South Australia,510,2019
May,South Australia,505,2019
Jun,South Australia,526,2019
Jul,South Australia,511,2019
Aug,South Australia,506,2019
Sep,South Australia,512,2019
Oct,South Australia,517,2019
Nov,South Australia,507,2019
Dec,South Australia,543,2019
Jan,South Australia,543,2020
Feb,South Australia,515,2020
Mar,South Australia,520,2020
Apr,South Australia,504,2020
May,South Australia,478,2020
Jun,South Australia,580,2020
Jul,South Australia,659,2020
Aug,South Australia,744,2020
Sep,South Australia,932,2020
Oct,South Australia,892,2020
Nov,South Australia,798,2020
Dec,South Australia,859,2020
Jan,South Australia,966,2021
Feb,South Australia,1078,2021
Mar,South Australia,1008,2021
Apr,South Australia,953,2021
May,South Australia,878,2021
Jun,South Australia,898,2021
Jul,South Australia,815,2021
Aug,South Australia,714,2021
Sep,South Australia,735,2021
Oct,South Australia,688,2021
Nov,South Australia,689,2021
Dec,South Australia,651,2021
Jan,South Australia,681,2022
Feb,South Australia,616,2022
Mar,South Australia,630,2022
Apr,South Australia,610,2022
May,South Australia,625,2022
Jun,South Australia,591,2022
Jul,South Australia,585,2022
Aug,South Australia,576,2022
Sep,South Australia,515,2022
Oct,South Australia,527,2022
Nov,South Australia,508,2022
Dec,South Australia,529,2022
Jan,South Australia,530,2023
Feb,South Australia,487,2023
Mar,South Australia,579,2023
Apr,South Australia,597,2023
May,South Australia,591,2023
Jun,South Australia,592,2023
Jul,South Australia,568,2023
Aug,South Australia,600,2023
Sep,South Australia,620,2023
Oct,South Australia,623,2023
Nov,South Australia,635,2023
Dec,South Australia,666,2023
Jan,South Australia,597,2024
Feb,South Australia,596,2024
Mar,South Australia,563,2024
Apr,South Australia,588,2024
May,South Australia,577,2024
Jun,South Australia,580,2024
Jul,South Australia,585,2024
Aug,South Australia,612,2024
Aug,Western Australia,1112,2006
Sep,Western Australia,1091,2006
Oct,Western Australia,1002,2006
Nov,Western Australia,958,2006
Dec,Western Australia,968,2006
Jan,Western Australia,945,2007
Feb,Western Australia,950,2007
Mar,Western Australia,1002,2007
Apr,Western Australia,1102,2007
May,Western Australia,1028,2007
Jun,Western Australia,1326,2007
Jul,Western Australia,1344,2007
Aug,Western Australia,1355,2007
Sep,Western Australia,1251,2007
Oct,Western Australia,1252,2007
Nov,Western Australia,1279,2007
Dec,Western Australia,1297,2007
Jan,Western Australia,1424,2008
Feb,Western Australia,1277,2008
Mar,Western Australia,1191,2008
Apr,Western Australia,1189,2008
May,Western Australia,1091,2008
Jun,Western Australia,1168,2008
Jul,Western Australia,1214,2008
Aug,Western Australia,1164,2008
Sep,Western Australia,1115,2008
Oct,Western Australia,1119,2008
Nov,Western Australia,1290,2008
Dec,Western Australia,1531,2008
Jan,Western Australia,1749,2009
Feb,Western Australia,1860,2009
Mar,Western Australia,1924,2009
Apr,Western Australia,2043,2009
May,Western Australia,2168,2009
Jun,Western Australia,2180,2009
Jul,Western Australia,2050,2009
Aug,Western Australia,1738,2009
Sep,Western Australia,2181,2009
Oct,Western Australia,2094,2009
Nov,Western Australia,1898,2009
Dec,Western Australia,1602,2009
Jan,Western Australia,1402,2010
Feb,Western Australia,1199,2010
Mar,Western Australia,1030,2010
Apr,Western Australia,885,2010
May,Western Australia,878,2010
Jun,Western Australia,826,2010
Jul,Western Australia,710,2010
Aug,Western Australia,807,2010
Sep,Western Australia,843,2010
Oct,Western Australia,899,2010
Nov,Western Australia,934,2010
Dec,Western Australia,1002,2010
Jan,Western Australia,945,2011
Feb,Western Australia,904,2011
Mar,Western Australia,1014,2011
Apr,Western Australia,1011,2011
May,Western Australia,1080,2011
Jun,Western Australia,1004,2011
Jul,Western Australia,946,2011
Aug,Western Australia,1048,2011
Sep,Western Australia,1140,2011
Oct,Western Australia,1095,2011
Nov,Western Australia,1157,2011
Dec,Western Australia,1181,2011
Jan,Western Australia,1379,2012
Feb,Western Australia,1240,2012
Mar,Western Australia,1270,2012
Apr,Western Australia,1309,2012
May,Western Australia,1293,2012
Jun,Western Australia,1346,2012
Jul,Western Australia,1403,2012
Aug,Western Australia,1456,2012
Sep,Western Australia,1433,2012
Oct,Western Australia,1443,2012
Nov,Western Australia,1530,2012
Dec,Western Australia,1548,2012
Jan,Western Australia,1556,2013
Feb,Western Australia,1522,2013
Mar,Western Australia,1670,2013
Apr,Western Australia,1719,2013
May,Western Australia,1762,2013
Jun,Western Australia,1718,2013
Jul,Western Australia,1652,2013
Aug,Western Australia,1631,2013
Sep,Western Australia,1604,2013
Oct,Western Australia,1612,2013
Nov,Western Australia,1548,2013
Dec,Western Australia,1445,2013
Jan,Western Australia,1606,2014
Feb,Western Australia,1665,2014
Mar,Western Australia,1699,2014
Apr,Western Australia,1615,2014
May,Western Australia,1708,2014
Jun,Western Australia,1825,2014
Jul,Western Australia,1596,2014
Aug,Western Australia,1526,2014
Sep,Western Australia,1529,2014
Oct,Western Australia,1559,2014
Nov,Western Australia,1527,2014
Dec,Western Australia,1452,2014
Jan,Western Australia,1311,2015
Feb,Western Australia,1471,2015
Mar,Western Australia,1480,2015
Apr,Western Australia,1583,2015
May,Western Australia,1391,2015
Jun,Western Australia,1436,2015
Jul,Western Australia,1389,2015
Aug,Western Australia,1363,2015
Sep,Western Australia,1352,2015
Oct,Western Australia,1309,2015
Nov,Western Australia,1277,2015
Dec,Western Australia,1233,2015
Jan,Western Australia,1210,2016
Feb,Western Australia,1231,2016
Mar,Western Australia,1182,2016
Apr,Western Australia,1272,2016
May,Western Australia,1191,2016
Jun,Western Australia,1192,2016
Jul,Western Australia,1212,2016
Aug,Western Australia,1137,2016
Sep,Western Australia,1130,2016
Oct,Western Australia,1117,2016
Nov,Western Australia,1190,2016
Dec,Western Australia,1124,2016
Jan,Western Australia,1125,2017
Feb,Western Australia,1173,2017
Mar,Western Australia,1160,2017
Apr,Western Australia,1227,2017
May,Western Australia,1278,2017
Jun,Western Australia,1371,2017
Jul,Western Australia,1492,2017
Aug,Western Australia,1421,2017
Sep,Western Australia,1261,2017
Oct,Western Australia,1227,2017
Nov,Western Australia,1185,2017
Dec,Western Australia,1214,2017
Jan,Western Australia,1193,2018
Feb,Western Australia,1177,2018
Mar,Western Australia,1165,2018
Apr,Western Australia,1186,2018
May,Western Australia,1194,2018
Jun,Western Australia,1146,2018
Jul,Western Australia,1164,2018
Aug,Western Australia,1116,2018
Sep,Western Australia,1142,2018
Oct,Western Australia,1183,2018
Nov,Western Australia,1198,2018
Dec,Western Australia,1041,2018
Jan,Western Australia,1056,2019
Feb,Western Australia,1113,2019
Mar,Western Australia,1068,2019
Apr,Western Australia,1095,2019
May,Western Australia,1087,2019
Jun,Western Australia,1138,2019
Jul,Western Australia,1190,2019
Aug,Western Australia,1202,2019
Sep,Western Australia,1176,2019
Oct,Western Australia,1088,2019
Nov,Western Australia,1156,2019
Dec,Western Australia,1186,2019
Jan,Western Australia,1208,2020
Feb,Western Australia,1199,2020
Mar,Western Australia,1223,2020
Apr,Western Australia,1070,2020
May,Western Australia,960,2020
Jun,Western Australia,1225,2020
Jul,Western Australia,1443,2020
Aug,Western Australia,1722,2020
Sep,Western Australia,2018,2020
Oct,Western Australia,2180,2020
Nov,Western Australia,2203,2020
Dec,Western Australia,2432,2020
Jan,Western Australia,2652,2021
Feb,Western Australia,2480,2021
Mar,Western Australia,2402,2021
Apr,Western Australia,2187,2021
May,Western Australia,2162,2021
Jun,Western Australia,1959,2021
Jul,Western Australia,1953,2021
Aug,Western Australia,1869,2021
Sep,Western Australia,1868,2021
Oct,Western Australia,1541,2021
Nov,Western Australia,1666,2021
Dec,Western Australia,1807,2021
Jan,Western Australia,1722,2022
Feb,Western Australia,1655,2022
Mar,Western Australia,1746,2022
Apr,Western Australia,1646,2022
May,Western Australia,1535,2022
Jun,Western Australia,1447,2022
Jul,Western Australia,1408,2022
Aug,Western Australia,1585,2022
Sep,Western Australia,1313,2022
Oct,Western Australia,1354,2022
Nov,Western Australia,1289,2022
Dec,Western Australia,1209,2022
Jan,Western Australia,1209,2023
Feb,Western Australia,1214,2023
Mar,Western Australia,1276,2023
Apr,Western Australia,1328,2023
May,Western Australia,1362,2023
Jun,Western Australia,1402,2023
Jul,Western Australia,1273,2023
Aug,Western Australia,1258,2023
Sep,Western Australia,1254,2023
Oct,Western Australia,1342,2023
Nov,Western Australia,1375,2023
Dec,Western Australia,1312,2023
Jan,Western Australia,1300,2024
Feb,Western Australia,1287,2024
Mar,Western Australia,1321,2024
Apr,Western Australia,1415,2024
May,Western Australia,1362,2024
Jun,Western Australia,1341,2024
Jul,Western Australia,1271,2024
Aug,Western Australia,1294,2024
Aug,Tasmania,176,2006
Sep,Tasmania,205,2006
Oct,Tasmania,176,2006
Nov,Tasmania,198,2006
Dec,Tasmania,185,2006
Jan,Tasmania,147,2007
Feb,Tasmania,165,2007
Mar,Tasmania,175,2007
Apr,Tasmania,178,2007
May,Tasmania,182,2007
Jun,Tasmania,190,2007
Jul,Tasmania,156,2007
Aug,Tasmania,168,2007
Sep,Tasmania,203,2007
Oct,Tasmania,218,2007
Nov,Tasmania,209,2007
Dec,Tasmania,215,2007
Jan,Tasmania,194,2008
Feb,Tasmania,250,2008
Mar,Tasmania,177,2008
Apr,Tasmania,165,2008
May,Tasmania,122,2008
Jun,Tasmania,182,2008
Jul,Tasmania,195,2008
Aug,Tasmania,205,2008
Sep,Tasmania,175,2008
Oct,Tasmania,160,2008
Nov,Tasmania,243,2008
Dec,Tasmania,290,2008
Jan,Tasmania,325,2009
Feb,Tasmania,366,2009
Mar,Tasmania,359,2009
Apr,Tasmania,240,2009
May,Tasmania,258,2009
Jun,Tasmania,363,2009
Jul,Tasmania,297,2009
Aug,Tasmania,246,2009
Sep,Tasmania,264,2009
Oct,Tasmania,250,2009
Nov,Tasmania,227,2009
Dec,Tasmania,192,2009
Jan,Tasmania,183,2010
Feb,Tasmania,138,2010
Mar,Tasmania,130,2010
Apr,Tasmania,130,2010
May,Tasmania,115,2010
Jun,Tasmania,107,2010
Jul,Tasmania,115,2010
Aug,Tasmania,128,2010
Sep,Tasmania,130,2010
Oct,Tasmania,115,2010
Nov,Tasmania,107,2010
Dec,Tasmania,118,2010
Jan,Tasmania,123,2011
Feb,Tasmania,86,2011
Mar,Tasmania,117,2011
Apr,Tasmania,130,2011
May,Tasmania,126,2011
Jun,Tasmania,120,2011
Jul,Tasmania,123,2011
Aug,Tasmania,118,2011
Sep,Tasmania,105,2011
Oct,Tasmania,116,2011
Nov,Tasmania,115,2011
Dec,Tasmania,104,2011
Jan,Tasmania,105,2012
Feb,Tasmania,124,2012
Mar,Tasmania,87,2012
Apr,Tasmania,81,2012
May,Tasmania,113,2012
Jun,Tasmania,119,2012
Jul,Tasmania,115,2012
Aug,Tasmania,119,2012
Sep,Tasmania,137,2012
Oct,Tasmania,135,2012
Nov,Tasmania,123,2012
Dec,Tasmania,118,2012
Jan,Tasmania,124,2013
Feb,Tasmania,131,2013
Mar,Tasmania,114,2013
Apr,Tasmania,127,2013
May,Tasmania,143,2013
Jun,Tasmania,141,2013
Jul,Tasmania,143,2013
Aug,Tasmania,163,2013
Sep,Tasmania,165,2013
Oct,Tasmania,173,2013
Nov,Tasmania,171,2013
Dec,Tasmania,136,2013
Jan,Tasmania,151,2014
Feb,Tasmania,160,2014
Mar,Tasmania,182,2014
Apr,Tasmania,169,2014
May,Tasmania,178,2014
Jun,Tasmania,211,2014
Jul,Tasmania,183,2014
Aug,Tasmania,151,2014
Sep,Tasmania,153,2014
Oct,Tasmania,132,2014
Nov,Tasmania,113,2014
Dec,Tasmania,168,2014
Jan,Tasmania,170,2015
Feb,Tasmania,159,2015
Mar,Tasmania,140,2015
Apr,Tasmania,146,2015
May,Tasmania,128,2015
Jun,Tasmania,122,2015
Jul,Tasmania,112,2015
Aug,Tasmania,125,2015
Sep,Tasmania,101,2015
Oct,Tasmania,110,2015
Nov,Tasmania,116,2015
Dec,Tasmania,153,2015
Jan,Tasmania,165,2016
Feb,Tasmania,151,2016
Mar,Tasmania,145,2016
Apr,Tasmania,169,2016
May,Tasmania,163,2016
Jun,Tasmania,137,2016
Jul,Tasmania,144,2016
Aug,Tasmania,142,2016
Sep,Tasmania,142,2016
Oct,Tasmania,131,2016
Nov,Tasmania,155,2016
Dec,Tasmania,137,2016
Jan,Tasmania,126,2017
Feb,Tasmania,142,2017
Mar,Tasmania,147,2017
Apr,Tasmania,128,2017
May,Tasmania,130,2017
Jun,Tasmania,131,2017
Jul,Tasmania,132,2017
Aug,Tasmania,131,2017
Sep,Tasmania,145,2017
Oct,Tasmania,150,2017
Nov,Tasmania,155,2017
Dec,Tasmania,150,2017
Jan,Tasmania,139,2018
Feb,Tasmania,147,2018
Mar,Tasmania,155,2018
Apr,Tasmania,147,2018
May,Tasmania,163,2018
Jun,Tasmania,164,2018
Jul,Tasmania,191,2018
Aug,Tasmania,164,2018
Sep,Tasmania,164,2018
Oct,Tasmania,220,2018
Nov,Tasmania,183,2018
Dec,Tasmania,155,2018
Jan,Tasmania,172,2019
Feb,Tasmania,169,2019
Mar,Tasmania,167,2019
Apr,Tasmania,187,2019
May,Tasmania,146,2019
Jun,Tasmania,185,2019
Jul,Tasmania,132,2019
Aug,Tasmania,188,2019
Sep,Tasmania,202,2019
Oct,Tasmania,185,2019
Nov,Tasmania,192,2019
Dec,Tasmania,170,2019
Jan,Tasmania,191,2020
Feb,Tasmania,183,2020
Mar,Tasmania,200,2020
Apr,Tasmania,172,2020
May,Tasmania,151,2020
Jun,Tasmania,195,2020
Jul,Tasmania,211,2020
Aug,Tasmania,274,2020
Sep,Tasmania,249,2020
Oct,Tasmania,339,2020
Nov,Tasmania,242,2020
Dec,Tasmania,256,2020
Jan,Tasmania,269,2021
Feb,Tasmania,280,2021
Mar,Tasmania,255,2021
Apr,Tasmania,251,2021
May,Tasmania,243,2021
Jun,Tasmania,246,2021
Jul,Tasmania,222,2021
Aug,Tasmania,186,2021
Sep,Tasmania,222,2021
Oct,Tasmania,203,2021
Nov,Tasmania,172,2021
Dec,Tasmania,195,2021
Jan,Tasmania,168,2022
Feb,Tasmania,166,2022
Mar,Tasmania,160,2022
Apr,Tasmania,148,2022
May,Tasmania,179,2022
Jun,Tasmania,176,2022
Jul,Tasmania,167,2022
Aug,Tasmania,191,2022
Sep,Tasmania,153,2022
Oct,Tasmania,143,2022
Nov,Tasmania,159,2022
Dec,Tasmania,163,2022
Jan,Tasmania,150,2023
Feb,Tasmania,156,2023
Mar,Tasmania,159,2023
Apr,Tasmania,163,2023
May,Tasmania,161,2023
Jun,Tasmania,156,2023
Jul,Tasmania,156,2023
Aug,Tasmania,128,2023
Sep,Tasmania,137,2023
Oct,Tasmania,226,2023
Nov,Tasmania,142,2023
Dec,Tasmania,154,2023
Jan,Tasmania,137,2024
Feb,Tasmania,143,2024
Mar,Tasmania,160,2024
Apr,Tasmania,174,2024
May,Tasmania,165,2024
Jun,Tasmania,153,2024
Jul,Tasmania,163,2024
Aug,Tasmania,175,2024
Aug,Northern Territory,73,2006
Sep,Northern Territory,86,2006
Oct,Northern Territory,88,2006
Nov,Northern Territory,90,2006
Dec,Northern Territory,97,2006
Jan,Northern Territory,99,2007
Feb,Northern Territory,75,2007
Mar,Northern Territory,108,2007
Apr,Northern Territory,90,2007
May,Northern Territory,91,2007
Jun,Northern Territory,95,2007
Jul,Northern Territory,70,2007
Aug,Northern Territory,83,2007
Sep,Northern Territory,89,2007
Oct,Northern Territory,82,2007
Nov,Northern Territory,80,2007
Dec,Northern Territory,71,2007
Jan,Northern Territory,73,2008
Feb,Northern Territory,78,2008
Mar,Northern Territory,52,2008
Apr,Northern Territory,63,2008
May,Northern Territory,89,2008
Jun,Northern Territory,74,2008
Jul,Northern Territory,93,2008
Aug,Northern Territory,79,2008
Sep,Northern Territory,62,2008
Oct,Northern Territory,81,2008
Nov,Northern Territory,103,2008
Dec,Northern Territory,120,2008
Jan,Northern Territory,89,2009
Feb,Northern Territory,119,2009
Mar,Northern Territory,116,2009
Apr,Northern Territory,119,2009
May,Northern Territory,108,2009
Jun,Northern Territory,113,2009
Jul,Northern Territory,106,2009
Aug,Northern Territory,92,2009
Sep,Northern Territory,96,2009
Oct,Northern Territory,101,2009
Nov,Northern Territory,59,2009
Dec,Northern Territory,52,2009
Jan,Northern Territory,57,2010
Feb,Northern Territory,56,2010
Mar,Northern Territory,36,2010
Apr,Northern Territory,56,2010
May,Northern Territory,52,2010
Jun,Northern Territory,45,2010
Jul,Northern Territory,46,2010
Aug,Northern Territory,51,2010
Sep,Northern Territory,46,2010
Oct,Northern Territory,40,2010
Nov,Northern Territory,43,2010
Dec,Northern Territory,43,2010
Jan,Northern Territory,45,2011
Feb,Northern Territory,41,2011
Mar,Northern Territory,68,2011
Apr,Northern Territory,49,2011
May,Northern Territory,51,2011
Jun,Northern Territory,59,2011
Jul,Northern Territory,57,2011
Aug,Northern Territory,60,2011
Sep,Northern Territory,59,2011
Oct,Northern Territory,62,2011
Nov,Northern Territory,54,2011
Dec,Northern Territory,65,2011
Jan,Northern Territory,67,2012
Feb,Northern Territory,74,2012
Mar,Northern Territory,86,2012
Apr,Northern Territory,75,2012
May,Northern Territory,73,2012
Jun,Northern Territory,73,2012
Jul,Northern Territory,77,2012
Aug,Northern Territory,72,2012
Sep,Northern Territory,66,2012
Oct,Northern Territory,76,2012
Nov,Northern Territory,86,2012
Dec,Northern Territory,88,2012
Jan,Northern Territory,104,2013
Feb,Northern Territory,69,2013
Mar,Northern Territory,58,2013
Apr,Northern Territory,56,2013
May,Northern Territory,67,2013
Jun,Northern Territory,52,2013
Jul,Northern Territory,71,2013
Aug,Northern Territory,52,2013
Sep,Northern Territory,50,2013
Oct,Northern Territory,57,2013
Nov,Northern Territory,59,2013
Dec,Northern Territory,51,2013
Jan,Northern Territory,50,2014
Feb,Northern Territory,68,2014
Mar,Northern Territory,61,2014
Apr,Northern Territory,71,2014
May,Northern Territory,72,2014
Jun,Northern Territory,70,2014
Jul,Northern Territory,70,2014
Aug,Northern Territory,71,2014
Sep,Northern Territory,93,2014
Oct,Northern Territory,98,2014
Nov,Northern Territory,77,2014
Dec,Northern Territory,83,2014
Jan,Northern Territory,80,2015
Feb,Northern Territory,53,2015
Mar,Northern Territory,53,2015
Apr,Northern Territory,44,2015
May,Northern Territory,34,2015
Jun,Northern Territory,48,2015
Jul,Northern Territory,32,2015
Aug,Northern Territory,36,2015
Sep,Northern Territory,33,2015
Oct,Northern Territory,27,2015
Nov,Northern Territory,35,2015
Dec,Northern Territory,31,2015
Jan,Northern Territory,43,2016
Feb,Northern Territory,36,2016
Mar,Northern Territory,40,2016
Apr,Northern Territory,43,2016
May,Northern Territory,42,2016
Jun,Northern Territory,43,2016
Jul,Northern Territory,57,2016
Aug,Northern Territory,47,2016
Sep,Northern Territory,38,2016
Oct,Northern Territory,37,2016
Nov,Northern Territory,43,2016
Dec,Northern Territory,43,2016
Jan,Northern Territory,30,2017
Feb,Northern Territory,50,2017
Mar,Northern Territory,57,2017
Apr,Northern Territory,58,2017
May,Northern Territory,51,2017
Jun,Northern Territory,67,2017
Jul,Northern Territory,58,2017
Aug,Northern Territory,60,2017
Sep,Northern Territory,72,2017
Oct,Northern Territory,71,2017
Nov,Northern Territory,46,2017
Dec,Northern Territory,61,2017
Jan,Northern Territory,65,2018
Feb,Northern Territory,64,2018
Mar,Northern Territory,51,2018
Apr,Northern Territory,55,2018
May,Northern Territory,64,2018
Jun,Northern Territory,60,2018
Jul,Northern Territory,56,2018
Aug,Northern Territory,45,2018
Sep,Northern Territory,89,2018
Oct,Northern Territory,62,2018
Nov,Northern Territory,76,2018
Dec,Northern Territory,79,2018
Jan,Northern Territory,64,2019
Feb,Northern Territory,61,2019
Mar,Northern Territory,76,2019
Apr,Northern Territory,122,2019
May,Northern Territory,90,2019
Jun,Northern Territory,70,2019
Jul,Northern Territory,71,2019
Aug,Northern Territory,71,2019
Sep,Northern Territory,64,2019
Oct,Northern Territory,70,2019
Nov,Northern Territory,53,2019
Dec,Northern Territory,68,2019
Jan,Northern Territory,66,2020
Feb,Northern Territory,66,2020
Mar,Northern Territory,89,2020
Apr,Northern Territory,72,2020
May,Northern Territory,65,2020
Jun,Northern Territory,85,2020
Jul,Northern Territory,102,2020
Aug,Northern Territory,102,2020
Sep,Northern Territory,111,2020
Oct,Northern Territory,112,2020
Nov,Northern Territory,127,2020
Dec,Northern Territory,98,2020
Jan,Northern Territory,119,2021
Feb,Northern Territory,151,2021
Mar,Northern Territory,129,2021
Apr,Northern Territory,119,2021
May,Northern Territory,106,2021
Jun,Northern Territory,142,2021
Jul,Northern Territory,111,2021
Aug,Northern Territory,90,2021
Sep,Northern Territory,77,2021
Oct,Northern Territory,72,2021
Nov,Northern Territory,89,2021
Dec,Northern Territory,71,2021
Jan,Northern Territory,66,2022
Feb,Northern Territory,62,2022
Mar,Northern Territory,62,2022
Apr,Northern Territory,58,2022
May,Northern Territory,71,2022
Jun,Northern Territory,77,2022
Jul,Northern Territory,77,2022
Aug,Northern Territory,84,2022
Sep,Northern Territory,82,2022
Oct,Northern Territory,72,2022
Nov,Northern Territory,60,2022
Dec,Northern Territory,63,2022
Jan,Northern Territory,74,2023
Feb,Northern Territory,70,2023
Mar,Northern Territory,78,2023
Apr,Northern Territory,70,2023
May,Northern Territory,65,2023
Jun,Northern Territory,46,2023
Jul,Northern Territory,50,2023
Aug,Northern Territory,55,2023
Sep,Northern Territory,50,2023
Oct,Northern Territory,69,2023
Nov,Northern Territory,66,2023
Dec,Northern Territory,72,2023
Jan,Northern Territory,51,2024
Feb,Northern Territory,62,2024
Mar,Northern Territory,54,2024
Apr,Northern Territory,88,2024
May,Northern Territory,66,2024
Jun,Northern Territory,60,2024
Jul,Northern Territory,52,2024
Aug,Northern Territory,53,2024
Aug,Australian Capital Territory,175,2006
Sep,Australian Capital Territory,183,2006
Oct,Australian Capital Territory,165,2006
Nov,Australian Capital Territory,181,2006
Dec,Australian Capital Territory,158,2006
Jan,Australian Capital Territory,139,2007
Feb,Australian Capital Territory,170,2007
Mar,Australian Capital Territory,166,2007
Apr,Australian Capital Territory,158,2007
May,Australian Capital Territory,137,2007
Jun,Australian Capital Territory,167,2007
Jul,Australian Capital Territory,157,2007
Aug,Australian Capital Territory,137,2007
Sep,Australian Capital Territory,139,2007
Oct,Australian Capital Territory,137,2007
Nov,Australian Capital Territory,140,2007
Dec,Australian Capital Territory,152,2007
Jan,Australian Capital Territory,149,2008
Feb,Australian Capital Territory,93,2008
Mar,Australian Capital Territory,126,2008
Apr,Australian Capital Territory,151,2008
May,Australian Capital Territory,110,2008
Jun,Australian Capital Territory,107,2008
Jul,Australian Capital Territory,109,2008
Aug,Australian Capital Territory,130,2008
Sep,Australian Capital Territory,122,2008
Oct,Australian Capital Territory,156,2008
Nov,Australian Capital Territory,150,2008
Dec,Australian Capital Territory,207,2008
Jan,Australian Capital Territory,227,2009
Feb,Australian Capital Territory,237,2009
Mar,Australian Capital Territory,266,2009
Apr,Australian Capital Territory,290,2009
May,Australian Capital Territory,296,2009
Jun,Australian Capital Territory,301,2009
Jul,Australian Capital Territory,247,2009
Aug,Australian Capital Territory,224,2009
Sep,Australian Capital Territory,265,2009
Oct,Australian Capital Territory,250,2009
Nov,Australian Capital Territory,200,2009
Dec,Australian Capital Territory,160,2009
Jan,Australian Capital Territory,124,2010
Feb,Australian Capital Territory,176,2010
Mar,Australian Capital Territory,142,2010
Apr,Australian Capital Territory,126,2010
May,Australian Capital Territory,115,2010
Jun,Australian Capital Territory,107,2010
Jul,Australian Capital Territory,119,2010
Aug,Australian Capital Territory,110,2010
Sep,Australian Capital Territory,114,2010
Oct,Australian Capital Territory,108,2010
Nov,Australian Capital Territory,116,2010
Dec,Australian Capital Territory,122,2010
Jan,Australian Capital Territory,102,2011
Feb,Australian Capital Territory,116,2011
Mar,Australian Capital Territory,88,2011
Apr,Australian Capital Territory,122,2011
May,Australian Capital Territory,115,2011
Jun,Australian Capital Territory,119,2011
Jul,Australian Capital Territory,114,2011
Aug,Australian Capital Territory,110,2011
Sep,Australian Capital Territory,108,2011
Oct,Australian Capital Territory,110,2011
Nov,Australian Capital Territory,133,2011
Dec,Australian Capital Territory,124,2011
Jan,Australian Capital Territory,127,2012
Feb,Australian Capital Territory,111,2012
Mar,Australian Capital Territory,112,2012
Apr,Australian Capital Territory,111,2012
May,Australian Capital Territory,124,2012
Jun,Australian Capital Territory,89,2012
Jul,Australian Capital Territory,139,2012
Aug,Australian Capital Territory,135,2012
Sep,Australian Capital Territory,120,2012
Oct,Australian Capital Territory,120,2012
Nov,Australian Capital Territory,112,2012
Dec,Australian Capital Territory,113,2012
Jan,Australian Capital Territory,133,2013
Feb,Australian Capital Territory,137,2013
Mar,Australian Capital Territory,135,2013
Apr,Australian Capital Territory,141,2013
May,Australian Capital Territory,140,2013
Jun,Australian Capital Territory,127,2013
Jul,Australian Capital Territory,141,2013
Aug,Australian Capital Territory,158,2013
Sep,Australian Capital Territory,161,2013
Oct,Australian Capital Territory,135,2013
Nov,Australian Capital Territory,132,2013
Dec,Australian Capital Territory,140,2013
Jan,Australian Capital Territory,130,2014
Feb,Australian Capital Territory,142,2014
Mar,Australian Capital Territory,146,2014
Apr,Australian Capital Territory,120,2014
May,Australian Capital Territory,128,2014
Jun,Australian Capital Territory,143,2014
Jul,Australian Capital Territory,144,2014
Aug,Australian Capital Territory,149,2014
Sep,Australian Capital Territory,156,2014
Oct,Australian Capital Territory,190,2014
Nov,Australian Capital Territory,158,2014
Dec,Australian Capital Territory,162,2014
Jan,Australian Capital Territory,167,2015
Feb,Australian Capital Territory,164,2015
Mar,Australian Capital Territory,152,2015
Apr,Australian Capital Territory,170,2015
May,Australian Capital Territory,165,2015
Jun,Australian Capital Territory,161,2015
Jul,Australian Capital Territory,133,2015
Aug,Australian Capital Territory,126,2015
Sep,Australian Capital Territory,150,2015
Oct,Australian Capital Territory,124,2015
Nov,Australian Capital Territory,155,2015
Dec,Australian Capital Territory,140,2015
Jan,Australian Capital Territory,156,2016
Feb,Australian Capital Territory,145,2016
Mar,Australian Capital Territory,141,2016
Apr,Australian Capital Territory,148,2016
May,Australian Capital Territory,156,2016
Jun,Australian Capital Territory,152,2016
Jul,Australian Capital Territory,149,2016
Aug,Australian Capital Territory,130,2016
Sep,Australian Capital Territory,115,2016
Oct,Australian Capital Territory,124,2016
Nov,Australian Capital Territory,128,2016
Dec,Australian Capital Territory,148,2016
Jan,Australian Capital Territory,188,2017
Feb,Australian Capital Territory,106,2017
Mar,Australian Capital Territory,119,2017
Apr,Australian Capital Territory,170,2017
May,Australian Capital Territory,172,2017
Jun,Australian Capital Territory,217,2017
Jul,Australian Capital Territory,212,2017
Aug,Australian Capital Territory,231,2017
Sep,Australian Capital Territory,220,2017
Oct,Australian Capital Territory,225,2017
Nov,Australian Capital Territory,229,2017
Dec,Australian Capital Territory,199,2017
Jan,Australian Capital Territory,207,2018
Feb,Australian Capital Territory,305,2018
Mar,Australian Capital Territory,233,2018
Apr,Australian Capital Territory,224,2018
May,Australian Capital Territory,156,2018
Jun,Australian Capital Territory,169,2018
Jul,Australian Capital Territory,165,2018
Aug,Australian Capital Territory,172,2018
Sep,Australian Capital Territory,175,2018
Oct,Australian Capital Territory,202,2018
Nov,Australian Capital Territory,224,2018
Dec,Australian Capital Territory,164,2018
Jan,Australian Capital Territory,136,2019
Feb,Australian Capital Territory,140,2019
Mar,Australian Capital Territory,153,2019
Apr,Australian Capital Territory,129,2019
May,Australian Capital Territory,144,2019
Jun,Australian Capital Territory,146,2019
Jul,Australian Capital Territory,186,2019
Aug,Australian Capital Territory,192,2019
Sep,Australian Capital Territory,205,2019
Oct,Australian Capital Territory,214,2019
Nov,Australian Capital Territory,231,2019
Dec,Australian Capital Territory,242,2019
Jan,Australian Capital Territory,221,2020
Feb,Australian Capital Territory,241,2020
Mar,Australian Capital Territory,218,2020
Apr,Australian Capital Territory,246,2020
May,Australian Capital Territory,240,2020
Jun,Australian Capital Territory,229,2020
Jul,Australian Capital Territory,240,2020
Aug,Australian Capital Territory,264,2020
Sep,Australian Capital Territory,302,2020
Oct,Australian Capital Territory,301,2020
Nov,Australian Capital Territory,263,2020
Dec,Australian Capital Territory,332,2020
Jan,Australian Capital Territory,343,2021
Feb,Australian Capital Territory,288,2021
Mar,Australian Capital Territory,319,2021
Apr,Australian Capital Territory,298,2021
May,Australian Capital Territory,283,2021
Jun,Australian Capital Territory,320,2021
Jul,Australian Capital Territory,324,2021
Aug,Australian Capital Territory,282,2021
Sep,Australian Capital Territory,250,2021
Oct,Australian Capital Territory,231,2021
Nov,Australian Capital Territory,264,2021
Dec,Australian Capital Territory,268,2021
Jan,Australian Capital Territory,313,2022
Feb,Australian Capital Territory,201,2022
Mar,Australian Capital Territory,291,2022
Apr,Australian Capital Territory,305,2022
May,Australian Capital Territory,329,2022
Jun,Australian Capital Territory,284,2022
Jul,Australian Capital Territory,296,2022
Aug,Australian Capital Territory,314,2022
Sep,Australian Capital Territory,272,2022
Oct,Australian Capital Territory,274,2022
Nov,Australian Capital Territory,215,2022
Dec,Australian Capital Territory,204,2022
Jan,Australian Capital Territory,252,2023
Feb,Australian Capital Territory,264,2023
Mar,Australian Capital Territory,242,2023
Apr,Australian Capital Territory,236,2023
May,Australian Capital Territory,259,2023
Jun,Australian Capital Territory,278,2023
Jul,Australian Capital Territory,204,2023
Aug,Australian Capital Territory,218,2023
Sep,Australian Capital Territory,241,2023
Oct,Australian Capital Territory,252,2023
Nov,Australian Capital Territory,285,2023
Dec,Australian Capital Territory,236,2023
Jan,Australian Capital Territory,228,2024
Feb,Australian Capital Territory,241,2024
Mar,Australian Capital Territory,244,2024
Apr,Australian Capital Territory,232,2024
May,Australian Capital Territory,229,2024
Jun,Australian Capital Territory,253,2024
Jul,Australian Capital Territory,220,2024
Aug,Australian Capital Territory,207,2024
