Date,State,Loan_Commitments,Year,Month
2007-01,New South Wales,2627,2007,Jan
2007-02,New South Wales,2605,2007,Feb
2007-03,New South Wales,2728,2007,Mar
2007-04,New South Wales,2843,2007,Apr
2007-05,New South Wales,2701,2007,May
2007-06,New South Wales,2742,2007,Jun
2007-07,New South Wales,2734,2007,Jul
2007-08,New South Wales,2699,2007,Aug
2007-09,New South Wales,2528,2007,Sep
2007-10,New South Wales,2786,2007,Oct
2007-11,New South Wales,2808,2007,Nov
2007-12,New South Wales,2764,2007,Dec
2008-01,New South Wales,2785,2008,Jan
2008-02,New South Wales,2729,2008,Feb
2008-03,New South Wales,2398,2008,Mar
2008-04,New South Wales,2438,2008,Apr
2008-05,New South Wales,2297,2008,May
2008-06,New South Wales,2302,2008,Jun
2008-07,New South Wales,2327,2008,Jul
2008-08,New South Wales,2358,2008,Aug
2008-09,New South Wales,2348,2008,Sep
2008-10,New South Wales,2207,2008,Oct
2008-11,New South Wales,2974,2008,Nov
2008-12,New South Wales,3535,2008,Dec
2009-01,New South Wales,4058,2009,Jan
2009-02,New South Wales,4651,2009,Feb
2009-03,New South Wales,5191,2009,Mar
2009-04,New South Wales,5086,2009,Apr
2009-05,New South Wales,4961,2009,May
2009-06,New South Wales,4934,2009,Jun
2009-07,New South Wales,4336,2009,Jul
2009-08,New South Wales,4029,2009,Aug
2009-09,New South Wales,3881,2009,Sep
2009-10,New South Wales,3568,2009,Oct
2009-11,New South Wales,2905,2009,Nov
2009-12,New South Wales,2537,2009,Dec
2010-01,New South Wales,2358,2010,Jan
2010-02,New South Wales,2090,2010,Feb
2010-03,New South Wales,1878,2010,Mar
2010-04,New South Wales,2002,2010,Apr
2010-05,New South Wales,2104,2010,May
2010-06,New South Wales,1885,2010,Jun
2010-07,New South Wales,1958,2010,Jul
2010-08,New South Wales,1797,2010,Aug
2010-09,New South Wales,1805,2010,Sep
2010-10,New South Wales,1630,2010,Oct
2010-11,New South Wales,1744,2010,Nov
2010-12,New South Wales,1878,2010,Dec
2011-01,New South Wales,1819,2011,Jan
2011-02,New South Wales,1723,2011,Feb
2011-03,New South Wales,1891,2011,Mar
2011-04,New South Wales,1869,2011,Apr
2011-05,New South Wales,1953,2011,May
2011-06,New South Wales,1841,2011,Jun
2011-07,New South Wales,1791,2011,Jul
2011-08,New South Wales,1801,2011,Aug
2011-09,New South Wales,2090,2011,Sep
2011-10,New South Wales,2424,2011,Oct
2011-11,New South Wales,2832,2011,Nov
2011-12,New South Wales,3423,2011,Dec
2012-01,New South Wales,2953,2012,Jan
2012-02,New South Wales,1660,2012,Feb
2012-03,New South Wales,1370,2012,Mar
2012-04,New South Wales,1482,2012,Apr
2012-05,New South Wales,1557,2012,May
2012-06,New South Wales,1568,2012,Jun
2012-07,New South Wales,1602,2012,Jul
2012-08,New South Wales,1712,2012,Aug
2012-09,New South Wales,1931,2012,Sep
2012-10,New South Wales,1586,2012,Oct
2012-11,New South Wales,1327,2012,Nov
2012-12,New South Wales,1086,2012,Dec
2013-01,New South Wales,1120,2013,Jan
2013-02,New South Wales,1209,2013,Feb
2013-03,New South Wales,1160,2013,Mar
2013-04,New South Wales,1277,2013,Apr
2013-05,New South Wales,1210,2013,May
2013-06,New South Wales,1240,2013,Jun
2013-07,New South Wales,1380,2013,Jul
2013-08,New South Wales,1340,2013,Aug
2013-09,New South Wales,1293,2013,Sep
2013-10,New South Wales,1297,2013,Oct
2013-11,New South Wales,1359,2013,Nov
2013-12,New South Wales,1290,2013,Dec
2014-01,New South Wales,1334,2014,Jan
2014-02,New South Wales,1372,2014,Feb
2014-03,New South Wales,1386,2014,Mar
2014-04,New South Wales,1311,2014,Apr
2014-05,New South Wales,1321,2014,May
2014-06,New South Wales,1347,2014,Jun
2014-07,New South Wales,1223,2014,Jul
2014-08,New South Wales,1322,2014,Aug
2014-09,New South Wales,1374,2014,Sep
2014-10,New South Wales,1356,2014,Oct
2014-11,New South Wales,1331,2014,Nov
2014-12,New South Wales,1275,2014,Dec
2015-01,New South Wales,1309,2015,Jan
2015-02,New South Wales,1384,2015,Feb
2015-03,New South Wales,1421,2015,Mar
2015-04,New South Wales,1307,2015,Apr
2015-05,New South Wales,1237,2015,May
2015-06,New South Wales,1290,2015,Jun
2015-07,New South Wales,1276,2015,Jul
2015-08,New South Wales,1201,2015,Aug
2015-09,New South Wales,1201,2015,Sep
2015-10,New South Wales,1141,2015,Oct
2015-11,New South Wales,1082,2015,Nov
2015-12,New South Wales,1190,2015,Dec
2016-01,New South Wales,1227,2016,Jan
2016-02,New South Wales,1247,2016,Feb
2016-03,New South Wales,1079,2016,Mar
2016-04,New South Wales,1308,2016,Apr
2016-05,New South Wales,1213,2016,May
2016-06,New South Wales,1281,2016,Jun
2016-07,New South Wales,1115,2016,Jul
2016-08,New South Wales,1056,2016,Aug
2016-09,New South Wales,1016,2016,Sep
2016-10,New South Wales,1060,2016,Oct
2016-11,New South Wales,1055,2016,Nov
2016-12,New South Wales,1146,2016,Dec
2017-01,New South Wales,1136,2017,Jan
2017-02,New South Wales,1088,2017,Feb
2017-03,New South Wales,1135,2017,Mar
2017-04,New South Wales,1128,2017,Apr
2017-05,New South Wales,1242,2017,May
2017-06,New South Wales,1267,2017,Jun
2017-07,New South Wales,1659,2017,Jul
2017-08,New South Wales,1939,2017,Aug
2017-09,New South Wales,1920,2017,Sep
2017-10,New South Wales,1883,2017,Oct
2017-11,New South Wales,1973,2017,Nov
2017-12,New South Wales,1928,2017,Dec
2018-01,New South Wales,1983,2018,Jan
2018-02,New South Wales,2263,2018,Feb
2018-03,New South Wales,1923,2018,Mar
2018-04,New South Wales,2055,2018,Apr
2018-05,New South Wales,2112,2018,May
2018-06,New South Wales,2010,2018,Jun
2018-07,New South Wales,2008,2018,Jul
2018-08,New South Wales,1967,2018,Aug
2018-09,New South Wales,1924,2018,Sep
2018-10,New South Wales,1948,2018,Oct
2018-11,New South Wales,2005,2018,Nov
2018-12,New South Wales,1855,2018,Dec
2019-01,New South Wales,1750,2019,Jan
2019-02,New South Wales,2012,2019,Feb
2019-03,New South Wales,1816,2019,Mar
2019-04,New South Wales,1868,2019,Apr
2019-05,New South Wales,1935,2019,May
2019-06,New South Wales,1991,2019,Jun
2019-07,New South Wales,2146,2019,Jul
2019-08,New South Wales,2231,2019,Aug
2019-09,New South Wales,2201,2019,Sep
2019-10,New South Wales,2137,2019,Oct
2019-11,New South Wales,2314,2019,Nov
2019-12,New South Wales,2331,2019,Dec
2020-01,New South Wales,2470,2020,Jan
2020-02,New South Wales,2461,2020,Feb
2020-03,New South Wales,2553,2020,Mar
2020-04,New South Wales,2454,2020,Apr
2020-05,New South Wales,2012,2020,May
2020-06,New South Wales,2412,2020,Jun
2020-07,New South Wales,2618,2020,Jul
2020-08,New South Wales,2946,2020,Aug
2020-09,New South Wales,3188,2020,Sep
2020-10,New South Wales,3182,2020,Oct
2020-11,New South Wales,3187,2020,Nov
2020-12,New South Wales,3447,2020,Dec
2021-01,New South Wales,3718,2021,Jan
2021-02,New South Wales,3370,2021,Feb
2021-03,New South Wales,3471,2021,Mar
2021-04,New South Wales,3478,2021,Apr
2021-05,New South Wales,3368,2021,May
2021-06,New South Wales,3364,2021,Jun
2021-07,New South Wales,3239,2021,Jul
2021-08,New South Wales,2912,2021,Aug
2021-09,New South Wales,2849,2021,Sep
2021-10,New South Wales,2722,2021,Oct
2021-11,New South Wales,2748,2021,Nov
2021-12,New South Wales,2695,2021,Dec
2022-01,New South Wales,2927,2022,Jan
2022-02,New South Wales,2380,2022,Feb
2022-03,New South Wales,2451,2022,Mar
2022-04,New South Wales,2337,2022,Apr
2022-05,New South Wales,2362,2022,May
2022-06,New South Wales,2208,2022,Jun
2022-07,New South Wales,2100,2022,Jul
2022-08,New South Wales,2083,2022,Aug
2022-09,New South Wales,1963,2022,Sep
2022-10,New South Wales,2072,2022,Oct
2022-11,New South Wales,1925,2022,Nov
2022-12,New South Wales,2003,2022,Dec
2023-01,New South Wales,1869,2023,Jan
2023-02,New South Wales,1927,2023,Feb
2023-03,New South Wales,2165,2023,Mar
2023-04,New South Wales,2260,2023,Apr
2023-05,New South Wales,2408,2023,May
2023-06,New South Wales,2335,2023,Jun
2023-07,New South Wales,2192,2023,Jul
2023-08,New South Wales,2280,2023,Aug
2023-09,New South Wales,2128,2023,Sep
2023-10,New South Wales,2417,2023,Oct
2023-11,New South Wales,2373,2023,Nov
2023-12,New South Wales,2311,2023,Dec
2024-01,New South Wales,2166,2024,Jan
2024-02,New South Wales,2385,2024,Feb
2024-03,New South Wales,2359,2024,Mar
2024-04,New South Wales,2596,2024,Apr
2024-05,New South Wales,2401,2024,May
2024-06,New South Wales,2389,2024,Jun
2024-07,New South Wales,2423,2024,Jul
2024-08,New South Wales,2333,2024,Aug
2006-08,Victoria,2473,2006,Aug
2006-09,Victoria,2568,2006,Sep
2006-10,Victoria,2648,2006,Oct
2006-11,Victoria,2613,2006,Nov
2006-12,Victoria,2580,2006,Dec
2007-01,Victoria,2449,2007,Jan
2007-02,Victoria,2665,2007,Feb
2007-03,Victoria,2624,2007,Mar
2007-04,Victoria,2725,2007,Apr
2007-05,Victoria,2700,2007,May
2007-06,Victoria,2689,2007,Jun
2007-07,Victoria,2656,2007,Jul
2007-08,Victoria,2839,2007,Aug
2007-09,Victoria,2863,2007,Sep
2007-10,Victoria,2895,2007,Oct
2007-11,Victoria,2968,2007,Nov
2007-12,Victoria,2961,2007,Dec
2008-01,Victoria,3061,2008,Jan
2008-02,Victoria,2971,2008,Feb
2008-03,Victoria,2498,2008,Mar
2008-04,Victoria,2350,2008,Apr
2008-05,Victoria,2254,2008,May
2008-06,Victoria,2291,2008,Jun
2008-07,Victoria,2368,2008,Jul
2008-08,Victoria,2275,2008,Aug
2008-09,Victoria,2281,2008,Sep
2008-10,Victoria,2308,2008,Oct
2008-11,Victoria,2552,2008,Nov
2008-12,Victoria,2940,2008,Dec
2009-01,Victoria,3383,2009,Jan
2009-02,Victoria,3469,2009,Feb
2009-03,Victoria,3969,2009,Mar
2009-04,Victoria,4141,2009,Apr
2009-05,Victoria,4048,2009,May
2009-06,Victoria,4032,2009,Jun
2009-07,Victoria,3861,2009,Jul
2009-08,Victoria,3807,2009,Aug
2009-09,Victoria,3897,2009,Sep
2009-10,Victoria,4103,2009,Oct
2009-11,Victoria,3441,2009,Nov
2009-12,Victoria,3083,2009,Dec
2010-01,Victoria,2918,2010,Jan
2010-02,Victoria,3025,2010,Feb
2010-03,Victoria,2374,2010,Mar
2010-04,Victoria,2257,2010,Apr
2010-05,Victoria,2303,2010,May
2010-06,Victoria,2157,2010,Jun
2010-07,Victoria,2172,2010,Jul
2010-08,Victoria,2118,2010,Aug
2010-09,Victoria,2090,2010,Sep
2010-10,Victoria,2033,2010,Oct
2010-11,Victoria,2043,2010,Nov
2010-12,Victoria,2181,2010,Dec
2011-01,Victoria,1880,2011,Jan
2011-02,Victoria,1918,2011,Feb
2011-03,Victoria,1958,2011,Mar
2011-04,Victoria,1966,2011,Apr
2011-05,Victoria,1919,2011,May
2011-06,Victoria,1904,2011,Jun
2011-07,Victoria,1933,2011,Jul
2011-08,Victoria,1978,2011,Aug
2011-09,Victoria,1915,2011,Sep
2011-10,Victoria,2027,2011,Oct
2011-11,Victoria,1953,2011,Nov
2011-12,Victoria,2077,2011,Dec
2012-01,Victoria,2093,2012,Jan
2012-02,Victoria,2106,2012,Feb
2012-03,Victoria,2139,2012,Mar
2012-04,Victoria,2032,2012,Apr
2012-05,Victoria,2286,2012,May
2012-06,Victoria,2395,2012,Jun
2012-07,Victoria,2680,2012,Jul
2012-08,Victoria,2297,2012,Aug
2012-09,Victoria,2188,2012,Sep
2012-10,Victoria,2216,2012,Oct
2012-11,Victoria,2130,2012,Nov
2012-12,Victoria,2109,2012,Dec
2013-01,Victoria,2178,2013,Jan
2013-02,Victoria,2168,2013,Feb
2013-03,Victoria,2247,2013,Mar
2013-04,Victoria,2211,2013,Apr
2013-05,Victoria,2329,2013,May
2013-06,Victoria,2396,2013,Jun
2013-07,Victoria,2561,2013,Jul
2013-08,Victoria,2221,2013,Aug
2013-09,Victoria,2276,2013,Sep
2013-10,Victoria,2140,2013,Oct
2013-11,Victoria,2173,2013,Nov
2013-12,Victoria,2063,2013,Dec
2014-01,Victoria,2085,2014,Jan
2014-02,Victoria,2044,2014,Feb
2014-03,Victoria,1974,2014,Mar
2014-04,Victoria,1973,2014,Apr
2014-05,Victoria,1953,2014,May
2014-06,Victoria,1879,2014,Jun
2014-07,Victoria,1929,2014,Jul
2014-08,Victoria,2020,2014,Aug
2014-09,Victoria,2094,2014,Sep
2014-10,Victoria,2113,2014,Oct
2014-11,Victoria,2067,2014,Nov
2014-12,Victoria,2098,2014,Dec
2015-01,Victoria,2041,2015,Jan
2015-02,Victoria,2147,2015,Feb
2015-03,Victoria,2119,2015,Mar
2015-04,Victoria,2120,2015,Apr
2015-05,Victoria,2006,2015,May
2015-06,Victoria,2004,2015,Jun
2015-07,Victoria,1974,2015,Jul
2015-08,Victoria,2024,2015,Aug
2015-09,Victoria,2034,2015,Sep
2015-10,Victoria,1952,2015,Oct
2015-11,Victoria,2037,2015,Nov
2015-12,Victoria,2190,2015,Dec
2016-01,Victoria,2040,2016,Jan
2016-02,Victoria,2146,2016,Feb
2016-03,Victoria,2057,2016,Mar
2016-04,Victoria,2250,2016,Apr
2016-05,Victoria,2255,2016,May
2016-06,Victoria,2191,2016,Jun
2016-07,Victoria,2127,2016,Jul
2016-08,Victoria,1891,2016,Aug
2016-09,Victoria,2016,2016,Sep
2016-10,Victoria,2094,2016,Oct
2016-11,Victoria,2059,2016,Nov
2016-12,Victoria,2088,2016,Dec
2017-01,Victoria,2074,2017,Jan
2017-02,Victoria,2040,2017,Feb
2017-03,Victoria,2098,2017,Mar
2017-04,Victoria,2059,2017,Apr
2017-05,Victoria,2082,2017,May
2017-06,Victoria,2042,2017,Jun
2017-07,Victoria,2575,2017,Jul
2017-08,Victoria,2754,2017,Aug
2017-09,Victoria,2905,2017,Sep
2017-10,Victoria,2903,2017,Oct
2017-11,Victoria,2939,2017,Nov
2017-12,Victoria,2842,2017,Dec
2018-01,Victoria,2911,2018,Jan
2018-02,Victoria,2857,2018,Feb
2018-03,Victoria,2846,2018,Mar
2018-04,Victoria,2805,2018,Apr
2018-05,Victoria,2780,2018,May
2018-06,Victoria,2814,2018,Jun
2018-07,Victoria,2800,2018,Jul
2018-08,Victoria,2683,2018,Aug
2018-09,Victoria,2642,2018,Sep
2018-10,Victoria,2654,2018,Oct
2018-11,Victoria,2627,2018,Nov
2018-12,Victoria,2412,2018,Dec
2019-01,Victoria,2402,2019,Jan
2019-02,Victoria,2556,2019,Feb
2019-03,Victoria,2597,2019,Mar
2019-04,Victoria,2538,2019,Apr
2019-05,Victoria,2714,2019,May
2019-06,Victoria,2751,2019,Jun
2019-07,Victoria,2824,2019,Jul
2019-08,Victoria,2885,2019,Aug
2019-09,Victoria,2898,2019,Sep
2019-10,Victoria,3033,2019,Oct
2019-11,Victoria,3117,2019,Nov
2019-12,Victoria,3322,2019,Dec
2020-01,Victoria,3320,2020,Jan
2020-02,Victoria,3055,2020,Feb
2020-03,Victoria,3043,2020,Mar
2020-04,Victoria,3283,2020,Apr
2020-05,Victoria,2990,2020,May
2020-06,Victoria,2797,2020,Jun
2020-07,Victoria,3391,2020,Jul
2020-08,Victoria,4012,2020,Aug
2020-09,Victoria,3712,2020,Sep
2020-10,Victoria,3301,2020,Oct
2020-11,Victoria,3874,2020,Nov
2020-12,Victoria,4494,2020,Dec
2021-01,Victoria,5249,2021,Jan
2021-02,Victoria,4849,2021,Feb
2021-03,Victoria,4533,2021,Mar
2021-04,Victoria,4689,2021,Apr
2021-05,Victoria,4501,2021,May
2021-06,Victoria,4267,2021,Jun
2021-07,Victoria,4075,2021,Jul
2021-08,Victoria,3845,2021,Aug
2021-09,Victoria,3225,2021,Sep
2021-10,Victoria,3337,2021,Oct
2021-11,Victoria,3548,2021,Nov
2021-12,Victoria,3628,2021,Dec
2022-01,Victoria,3799,2022,Jan
2022-02,Victoria,3572,2022,Feb
2022-03,Victoria,3456,2022,Mar
2022-04,Victoria,3269,2022,Apr
2022-05,Victoria,3446,2022,May
2022-06,Victoria,3104,2022,Jun
2022-07,Victoria,2974,2022,Jul
2022-08,Victoria,3098,2022,Aug
2022-09,Victoria,2875,2022,Sep
2022-10,Victoria,2927,2022,Oct
2022-11,Victoria,2717,2022,Nov
2022-12,Victoria,2554,2022,Dec
2023-01,Victoria,2438,2023,Jan
2023-02,Victoria,2457,2023,Feb
2023-03,Victoria,2623,2023,Mar
2023-04,Victoria,2695,2023,Apr
2023-05,Victoria,2763,2023,May
2023-06,Victoria,2862,2023,Jun
2023-07,Victoria,2818,2023,Jul
2023-08,Victoria,2838,2023,Aug
2023-09,Victoria,3157,2023,Sep
2023-10,Victoria,3148,2023,Oct
2023-11,Victoria,3183,2023,Nov
2023-12,Victoria,3132,2023,Dec
2024-01,Victoria,2862,2024,Jan
2024-02,Victoria,2991,2024,Feb
2024-03,Victoria,3195,2024,Mar
2024-04,Victoria,3170,2024,Apr
2024-05,Victoria,3075,2024,May
2024-06,Victoria,3264,2024,Jun
2024-07,Victoria,3258,2024,Jul
2024-08,Victoria,3089,2024,Aug
2006-08,Queensland,2387,2006,Aug
2006-09,Queensland,2427,2006,Sep
2006-10,Queensland,2373,2006,Oct
2006-11,Queensland,2338,2006,Nov
2006-12,Queensland,2369,2006,Dec
2007-01,Queensland,2418,2007,Jan
2007-02,Queensland,2565,2007,Feb
2007-03,Queensland,2475,2007,Mar
2007-04,Queensland,2650,2007,Apr
2007-05,Queensland,2553,2007,May
2007-06,Queensland,2505,2007,Jun
2007-07,Queensland,2423,2007,Jul
2007-08,Queensland,2529,2007,Aug
2007-09,Queensland,2426,2007,Sep
2007-10,Queensland,2451,2007,Oct
2007-11,Queensland,2462,2007,Nov
2007-12,Queensland,2434,2007,Dec
2008-01,Queensland,2313,2008,Jan
2008-02,Queensland,2116,2008,Feb
2008-03,Queensland,1789,2008,Mar
2008-04,Queensland,1708,2008,Apr
2008-05,Queensland,1586,2008,May
2008-06,Queensland,1467,2008,Jun
2008-07,Queensland,1524,2008,Jul
2008-08,Queensland,1485,2008,Aug
2008-09,Queensland,1643,2008,Sep
2008-10,Queensland,1648,2008,Oct
2008-11,Queensland,2239,2008,Nov
2008-12,Queensland,2567,2008,Dec
2009-01,Queensland,2860,2009,Jan
2009-02,Queensland,3121,2009,Feb
2009-03,Queensland,3494,2009,Mar
2009-04,Queensland,3493,2009,Apr
2009-05,Queensland,3580,2009,May
2009-06,Queensland,3414,2009,Jun
2009-07,Queensland,2855,2009,Jul
2009-08,Queensland,2817,2009,Aug
2009-09,Queensland,2736,2009,Sep
2009-10,Queensland,2586,2009,Oct
2009-11,Queensland,1869,2009,Nov
2009-12,Queensland,1749,2009,Dec
2010-01,Queensland,1594,2010,Jan
2010-02,Queensland,1358,2010,Feb
2010-03,Queensland,1251,2010,Mar
2010-04,Queensland,1185,2010,Apr
2010-05,Queensland,1182,2010,May
2010-06,Queensland,1148,2010,Jun
2010-07,Queensland,1192,2010,Jul
2010-08,Queensland,1178,2010,Aug
2010-09,Queensland,1169,2010,Sep
2010-10,Queensland,1155,2010,Oct
2010-11,Queensland,1243,2010,Nov
2010-12,Queensland,1289,2010,Dec
2011-01,Queensland,1138,2011,Jan
2011-02,Queensland,1104,2011,Feb
2011-03,Queensland,1175,2011,Mar
2011-04,Queensland,1216,2011,Apr
2011-05,Queensland,1191,2011,May
2011-06,Queensland,1236,2011,Jun
2011-07,Queensland,1230,2011,Jul
2011-08,Queensland,1309,2011,Aug
2011-09,Queensland,1345,2011,Sep
2011-10,Queensland,1490,2011,Oct
2011-11,Queensland,1436,2011,Nov
2011-12,Queensland,1652,2011,Dec
2012-01,Queensland,1789,2012,Jan
2012-02,Queensland,1479,2012,Feb
2012-03,Queensland,1628,2012,Mar
2012-04,Queensland,1692,2012,Apr
2012-05,Queensland,1648,2012,May
2012-06,Queensland,1617,2012,Jun
2012-07,Queensland,1501,2012,Jul
2012-08,Queensland,1653,2012,Aug
2012-09,Queensland,1642,2012,Sep
2012-10,Queensland,1855,2012,Oct
2012-11,Queensland,1595,2012,Nov
2012-12,Queensland,1465,2012,Dec
2013-01,Queensland,1454,2013,Jan
2013-02,Queensland,1442,2013,Feb
2013-03,Queensland,1508,2013,Mar
2013-04,Queensland,1566,2013,Apr
2013-05,Queensland,1577,2013,May
2013-06,Queensland,1636,2013,Jun
2013-07,Queensland,1595,2013,Jul
2013-08,Queensland,1517,2013,Aug
2013-09,Queensland,1575,2013,Sep
2013-10,Queensland,1619,2013,Oct
2013-11,Queensland,1581,2013,Nov
2013-12,Queensland,1497,2013,Dec
2014-01,Queensland,1556,2014,Jan
2014-02,Queensland,1657,2014,Feb
2014-03,Queensland,1592,2014,Mar
2014-04,Queensland,1506,2014,Apr
2014-05,Queensland,1586,2014,May
2014-06,Queensland,1503,2014,Jun
2014-07,Queensland,1513,2014,Jul
2014-08,Queensland,1676,2014,Aug
2014-09,Queensland,1615,2014,Sep
2014-10,Queensland,1580,2014,Oct
2014-11,Queensland,1514,2014,Nov
2014-12,Queensland,1523,2014,Dec
2015-01,Queensland,1451,2015,Jan
2015-02,Queensland,1608,2015,Feb
2015-03,Queensland,1638,2015,Mar
2015-04,Queensland,1582,2015,Apr
2015-05,Queensland,1569,2015,May
2015-06,Queensland,1616,2015,Jun
2015-07,Queensland,1642,2015,Jul
2015-08,Queensland,1538,2015,Aug
2015-09,Queensland,1501,2015,Sep
2015-10,Queensland,1394,2015,Oct
2015-11,Queensland,1478,2015,Nov
2015-12,Queensland,1605,2015,Dec
2016-01,Queensland,1611,2016,Jan
2016-02,Queensland,1665,2016,Feb
2016-03,Queensland,1603,2016,Mar
2016-04,Queensland,1584,2016,Apr
2016-05,Queensland,1658,2016,May
2016-06,Queensland,1568,2016,Jun
2016-07,Queensland,1567,2016,Jul
2016-08,Queensland,1650,2016,Aug
2016-09,Queensland,1615,2016,Sep
2016-10,Queensland,1644,2016,Oct
2016-11,Queensland,1663,2016,Nov
2016-12,Queensland,1780,2016,Dec
2017-01,Queensland,1693,2017,Jan
2017-02,Queensland,1735,2017,Feb
2017-03,Queensland,1764,2017,Mar
2017-04,Queensland,1898,2017,Apr
2017-05,Queensland,1851,2017,May
2017-06,Queensland,2116,2017,Jun
2017-07,Queensland,2093,2017,Jul
2017-08,Queensland,1978,2017,Aug
2017-09,Queensland,1796,2017,Sep
2017-10,Queensland,1845,2017,Oct
2017-11,Queensland,2026,2017,Nov
2017-12,Queensland,1937,2017,Dec
2018-01,Queensland,1985,2018,Jan
2018-02,Queensland,1828,2018,Feb
2018-03,Queensland,1774,2018,Mar
2018-04,Queensland,1807,2018,Apr
2018-05,Queensland,1879,2018,May
2018-06,Queensland,1996,2018,Jun
2018-07,Queensland,2104,2018,Jul
2018-08,Queensland,1772,2018,Aug
2018-09,Queensland,1756,2018,Sep
2018-10,Queensland,1718,2018,Oct
2018-11,Queensland,1689,2018,Nov
2018-12,Queensland,1486,2018,Dec
2019-01,Queensland,1560,2019,Jan
2019-02,Queensland,1523,2019,Feb
2019-03,Queensland,1578,2019,Mar
2019-04,Queensland,1542,2019,Apr
2019-05,Queensland,1554,2019,May
2019-06,Queensland,1637,2019,Jun
2019-07,Queensland,1672,2019,Jul
2019-08,Queensland,1686,2019,Aug
2019-09,Queensland,1732,2019,Sep
2019-10,Queensland,1746,2019,Oct
2019-11,Queensland,1736,2019,Nov
2019-12,Queensland,1803,2019,Dec
2020-01,Queensland,1897,2020,Jan
2020-02,Queensland,1903,2020,Feb
2020-03,Queensland,1877,2020,Mar
2020-04,Queensland,1637,2020,Apr
2020-05,Queensland,1563,2020,May
2020-06,Queensland,1934,2020,Jun
2020-07,Queensland,2261,2020,Jul
2020-08,Queensland,2652,2020,Aug
2020-09,Queensland,2964,2020,Sep
2020-10,Queensland,3061,2020,Oct
2020-11,Queensland,3080,2020,Nov
2020-12,Queensland,3286,2020,Dec
2021-01,Queensland,3712,2021,Jan
2021-02,Queensland,3319,2021,Feb
2021-03,Queensland,3086,2021,Mar
2021-04,Queensland,3105,2021,Apr
2021-05,Queensland,2949,2021,May
2021-06,Queensland,2726,2021,Jun
2021-07,Queensland,2668,2021,Jul
2021-08,Queensland,2636,2021,Aug
2021-09,Queensland,2546,2021,Sep
2021-10,Queensland,2425,2021,Oct
2021-11,Queensland,2416,2021,Nov
2021-12,Queensland,2396,2021,Dec
2022-01,Queensland,2265,2022,Jan
2022-02,Queensland,1982,2022,Feb
2022-03,Queensland,2098,2022,Mar
2022-04,Queensland,2158,2022,Apr
2022-05,Queensland,2109,2022,May
2022-06,Queensland,2082,2022,Jun
2022-07,Queensland,1833,2022,Jul
2022-08,Queensland,1979,2022,Aug
2022-09,Queensland,1752,2022,Sep
2022-10,Queensland,1876,2022,Oct
2022-11,Queensland,1798,2022,Nov
2022-12,Queensland,1777,2022,Dec
2023-01,Queensland,1715,2023,Jan
2023-02,Queensland,1752,2023,Feb
2023-03,Queensland,1884,2023,Mar
2023-04,Queensland,1867,2023,Apr
2023-05,Queensland,1898,2023,May
2023-06,Queensland,1926,2023,Jun
2023-07,Queensland,1707,2023,Jul
2023-08,Queensland,1661,2023,Aug
2023-09,Queensland,1728,2023,Sep
2023-10,Queensland,1713,2023,Oct
2023-11,Queensland,1934,2023,Nov
2023-12,Queensland,1732,2023,Dec
2024-01,Queensland,1676,2024,Jan
2024-02,Queensland,1753,2024,Feb
2024-03,Queensland,1910,2024,Mar
2024-04,Queensland,2014,2024,Apr
2024-05,Queensland,1948,2024,May
2024-06,Queensland,1903,2024,Jun
2024-07,Queensland,2056,2024,Jul
2024-08,Queensland,2076,2024,Aug
2006-08,South Australia,627,2006,Aug
2006-09,South Australia,677,2006,Sep
2006-10,South Australia,677,2006,Oct
2006-11,South Australia,690,2006,Nov
2006-12,South Australia,636,2006,Dec
2007-01,South Australia,626,2007,Jan
2007-02,South Australia,676,2007,Feb
2007-03,South Australia,731,2007,Mar
2007-04,South Australia,647,2007,Apr
2007-05,South Australia,663,2007,May
2007-06,South Australia,614,2007,Jun
2007-07,South Australia,630,2007,Jul
2007-08,South Australia,631,2007,Aug
2007-09,South Australia,604,2007,Sep
2007-10,South Australia,646,2007,Oct
2007-11,South Australia,653,2007,Nov
2007-12,South Australia,695,2007,Dec
2008-01,South Australia,665,2008,Jan
2008-02,South Australia,659,2008,Feb
2008-03,South Australia,623,2008,Mar
2008-04,South Australia,640,2008,Apr
2008-05,South Australia,589,2008,May
2008-06,South Australia,598,2008,Jun
2008-07,South Australia,648,2008,Jul
2008-08,South Australia,625,2008,Aug
2008-09,South Australia,545,2008,Sep
2008-10,South Australia,564,2008,Oct
2008-11,South Australia,762,2008,Nov
2008-12,South Australia,992,2008,Dec
2009-01,South Australia,1020,2009,Jan
2009-02,South Australia,1072,2009,Feb
2009-03,South Australia,1081,2009,Mar
2009-04,South Australia,1176,2009,Apr
2009-05,South Australia,1241,2009,May
2009-06,South Australia,1188,2009,Jun
2009-07,South Australia,1069,2009,Jul
2009-08,South Australia,1001,2009,Aug
2009-09,South Australia,1001,2009,Sep
2009-10,South Australia,1051,2009,Oct
2009-11,South Australia,760,2009,Nov
2009-12,South Australia,662,2009,Dec
2010-01,South Australia,620,2010,Jan
2010-02,South Australia,506,2010,Feb
2010-03,South Australia,509,2010,Mar
2010-04,South Australia,460,2010,Apr
2010-05,South Australia,460,2010,May
2010-06,South Australia,444,2010,Jun
2010-07,South Australia,445,2010,Jul
2010-08,South Australia,473,2010,Aug
2010-09,South Australia,447,2010,Sep
2010-10,South Australia,426,2010,Oct
2010-11,South Australia,447,2010,Nov
2010-12,South Australia,435,2010,Dec
2011-01,South Australia,395,2011,Jan
2011-02,South Australia,404,2011,Feb
2011-03,South Australia,415,2011,Mar
2011-04,South Australia,374,2011,Apr
2011-05,South Australia,389,2011,May
2011-06,South Australia,401,2011,Jun
2011-07,South Australia,401,2011,Jul
2011-08,South Australia,399,2011,Aug
2011-09,South Australia,455,2011,Sep
2011-10,South Australia,447,2011,Oct
2011-11,South Australia,436,2011,Nov
2011-12,South Australia,450,2011,Dec
2012-01,South Australia,464,2012,Jan
2012-02,South Australia,478,2012,Feb
2012-03,South Australia,442,2012,Mar
2012-04,South Australia,515,2012,Apr
2012-05,South Australia,448,2012,May
2012-06,South Australia,429,2012,Jun
2012-07,South Australia,468,2012,Jul
2012-08,South Australia,479,2012,Aug
2012-09,South Australia,477,2012,Sep
2012-10,South Australia,459,2012,Oct
2012-11,South Australia,487,2012,Nov
2012-12,South Australia,503,2012,Dec
2013-01,South Australia,522,2013,Jan
2013-02,South Australia,561,2013,Feb
2013-03,South Australia,579,2013,Mar
2013-04,South Australia,596,2013,Apr
2013-05,South Australia,574,2013,May
2013-06,South Australia,587,2013,Jun
2013-07,South Australia,650,2013,Jul
2013-08,South Australia,631,2013,Aug
2013-09,South Australia,620,2013,Sep
2013-10,South Australia,669,2013,Oct
2013-11,South Australia,687,2013,Nov
2013-12,South Australia,652,2013,Dec
2014-01,South Australia,689,2014,Jan
2014-02,South Australia,645,2014,Feb
2014-03,South Australia,604,2014,Mar
2014-04,South Australia,616,2014,Apr
2014-05,South Australia,614,2014,May
2014-06,South Australia,601,2014,Jun
2014-07,South Australia,554,2014,Jul
2014-08,South Australia,505,2014,Aug
2014-09,South Australia,415,2014,Sep
2014-10,South Australia,453,2014,Oct
2014-11,South Australia,414,2014,Nov
2014-12,South Australia,432,2014,Dec
2015-01,South Australia,396,2015,Jan
2015-02,South Australia,384,2015,Feb
2015-03,South Australia,411,2015,Mar
2015-04,South Australia,385,2015,Apr
2015-05,South Australia,398,2015,May
2015-06,South Australia,409,2015,Jun
2015-07,South Australia,397,2015,Jul
2015-08,South Australia,400,2015,Aug
2015-09,South Australia,440,2015,Sep
2015-10,South Australia,349,2015,Oct
2015-11,South Australia,391,2015,Nov
2015-12,South Australia,405,2015,Dec
2016-01,South Australia,396,2016,Jan
2016-02,South Australia,404,2016,Feb
2016-03,South Australia,426,2016,Mar
2016-04,South Australia,445,2016,Apr
2016-05,South Australia,464,2016,May
2016-06,South Australia,429,2016,Jun
2016-07,South Australia,409,2016,Jul
2016-08,South Australia,404,2016,Aug
2016-09,South Australia,404,2016,Sep
2016-10,South Australia,436,2016,Oct
2016-11,South Australia,407,2016,Nov
2016-12,South Australia,345,2016,Dec
2017-01,South Australia,404,2017,Jan
2017-02,South Australia,404,2017,Feb
2017-03,South Australia,459,2017,Mar
2017-04,South Australia,398,2017,Apr
2017-05,South Australia,428,2017,May
2017-06,South Australia,446,2017,Jun
2017-07,South Australia,456,2017,Jul
2017-08,South Australia,467,2017,Aug
2017-09,South Australia,470,2017,Sep
2017-10,South Australia,452,2017,Oct
2017-11,South Australia,483,2017,Nov
2017-12,South Australia,469,2017,Dec
2018-01,South Australia,453,2018,Jan
2018-02,South Australia,476,2018,Feb
2018-03,South Australia,449,2018,Mar
2018-04,South Australia,471,2018,Apr
2018-05,South Australia,469,2018,May
2018-06,South Australia,447,2018,Jun
2018-07,South Australia,490,2018,Jul
2018-08,South Australia,506,2018,Aug
2018-09,South Australia,503,2018,Sep
2018-10,South Australia,511,2018,Oct
2018-11,South Australia,515,2018,Nov
2018-12,South Australia,473,2018,Dec
2019-01,South Australia,480,2019,Jan
2019-02,South Australia,517,2019,Feb
2019-03,South Australia,478,2019,Mar
2019-04,South Australia,510,2019,Apr
2019-05,South Australia,505,2019,May
2019-06,South Australia,526,2019,Jun
2019-07,South Australia,511,2019,Jul
2019-08,South Australia,506,2019,Aug
2019-09,South Australia,512,2019,Sep
2019-10,South Australia,517,2019,Oct
2019-11,South Australia,507,2019,Nov
2019-12,South Australia,543,2019,Dec
2020-01,South Australia,543,2020,Jan
2020-02,South Australia,515,2020,Feb
2020-03,South Australia,520,2020,Mar
2020-04,South Australia,504,2020,Apr
2020-05,South Australia,478,2020,May
2020-06,South Australia,580,2020,Jun
2020-07,South Australia,659,2020,Jul
2020-08,South Australia,744,2020,Aug
2020-09,South Australia,932,2020,Sep
2020-10,South Australia,892,2020,Oct
2020-11,South Australia,798,2020,Nov
2020-12,South Australia,859,2020,Dec
2021-01,South Australia,966,2021,Jan
2021-02,South Australia,1078,2021,Feb
2021-03,South Australia,1008,2021,Mar
2021-04,South Australia,953,2021,Apr
2021-05,South Australia,878,2021,May
2021-06,South Australia,898,2021,Jun
2021-07,South Australia,815,2021,Jul
2021-08,South Australia,714,2021,Aug
2021-09,South Australia,735,2021,Sep
2021-10,South Australia,688,2021,Oct
2021-11,South Australia,689,2021,Nov
2021-12,South Australia,651,2021,Dec
2022-01,South Australia,681,2022,Jan
2022-02,South Australia,616,2022,Feb
2022-03,South Australia,630,2022,Mar
2022-04,South Australia,610,2022,Apr
2022-05,South Australia,625,2022,May
2022-06,South Australia,591,2022,Jun
2022-07,South Australia,585,2022,Jul
2022-08,South Australia,576,2022,Aug
2022-09,South Australia,515,2022,Sep
2022-10,South Australia,527,2022,Oct
2022-11,South Australia,508,2022,Nov
2022-12,South Australia,529,2022,Dec
2023-01,South Australia,530,2023,Jan
2023-02,South Australia,487,2023,Feb
2023-03,South Australia,579,2023,Mar
2023-04,South Australia,597,2023,Apr
2023-05,South Australia,591,2023,May
2023-06,South Australia,592,2023,Jun
2023-07,South Australia,568,2023,Jul
2023-08,South Australia,600,2023,Aug
2023-09,South Australia,620,2023,Sep
2023-10,South Australia,623,2023,Oct
2023-11,South Australia,635,2023,Nov
2023-12,South Australia,666,2023,Dec
2024-01,South Australia,597,2024,Jan
2024-02,South Australia,596,2024,Feb
2024-03,South Australia,563,2024,Mar
2024-04,South Australia,588,2024,Apr
2024-05,South Australia,577,2024,May
2024-06,South Australia,580,2024,Jun
2024-07,South Australia,585,2024,Jul
2024-08,South Australia,612,2024,Aug
2006-08,Western Australia,1112,2006,Aug
2006-09,Western Australia,1091,2006,Sep
2006-10,Western Australia,1002,2006,Oct
2006-11,Western Australia,958,2006,Nov
2006-12,Western Australia,968,2006,Dec
2007-01,Western Australia,945,2007,Jan
2007-02,Western Australia,950,2007,Feb
2007-03,Western Australia,1002,2007,Mar
2007-04,Western Australia,1102,2007,Apr
2007-05,Western Australia,1028,2007,May
2007-06,Western Australia,1326,2007,Jun
2007-07,Western Australia,1344,2007,Jul
2007-08,Western Australia,1355,2007,Aug
2007-09,Western Australia,1251,2007,Sep
2007-10,Western Australia,1252,2007,Oct
2007-11,Western Australia,1279,2007,Nov
2007-12,Western Australia,1297,2007,Dec
2008-01,Western Australia,1424,2008,Jan
2008-02,Western Australia,1277,2008,Feb
2008-03,Western Australia,1191,2008,Mar
2008-04,Western Australia,1189,2008,Apr
2008-05,Western Australia,1091,2008,May
2008-06,Western Australia,1168,2008,Jun
2008-07,Western Australia,1214,2008,Jul
2008-08,Western Australia,1164,2008,Aug
2008-09,Western Australia,1115,2008,Sep
2008-10,Western Australia,1119,2008,Oct
2008-11,Western Australia,1290,2008,Nov
2008-12,Western Australia,1531,2008,Dec
2009-01,Western Australia,1749,2009,Jan
2009-02,Western Australia,1860,2009,Feb
2009-03,Western Australia,1924,2009,Mar
2009-04,Western Australia,2043,2009,Apr
2009-05,Western Australia,2168,2009,May
2009-06,Western Australia,2180,2009,Jun
2009-07,Western Australia,2050,2009,Jul
2009-08,Western Australia,1738,2009,Aug
2009-09,Western Australia,2181,2009,Sep
2009-10,Western Australia,2094,2009,Oct
2009-11,Western Australia,1898,2009,Nov
2009-12,Western Australia,1602,2009,Dec
2010-01,Western Australia,1402,2010,Jan
2010-02,Western Australia,1199,2010,Feb
2010-03,Western Australia,1030,2010,Mar
2010-04,Western Australia,885,2010,Apr
2010-05,Western Australia,878,2010,May
2010-06,Western Australia,826,2010,Jun
2010-07,Western Australia,710,2010,Jul
2010-08,Western Australia,807,2010,Aug
2010-09,Western Australia,843,2010,Sep
2010-10,Western Australia,899,2010,Oct
2010-11,Western Australia,934,2010,Nov
2010-12,Western Australia,1002,2010,Dec
2011-01,Western Australia,945,2011,Jan
2011-02,Western Australia,904,2011,Feb
2011-03,Western Australia,1014,2011,Mar
2011-04,Western Australia,1011,2011,Apr
2011-05,Western Australia,1080,2011,May
2011-06,Western Australia,1004,2011,Jun
2011-07,Western Australia,946,2011,Jul
2011-08,Western Australia,1048,2011,Aug
2011-09,Western Australia,1140,2011,Sep
2011-10,Western Australia,1095,2011,Oct
2011-11,Western Australia,1157,2011,Nov
2011-12,Western Australia,1181,2011,Dec
2012-01,Western Australia,1379,2012,Jan
2012-02,Western Australia,1240,2012,Feb
2012-03,Western Australia,1270,2012,Mar
2012-04,Western Australia,1309,2012,Apr
2012-05,Western Australia,1293,2012,May
2012-06,Western Australia,1346,2012,Jun
2012-07,Western Australia,1403,2012,Jul
2012-08,Western Australia,1456,2012,Aug
2012-09,Western Australia,1433,2012,Sep
2012-10,Western Australia,1443,2012,Oct
2012-11,Western Australia,1530,2012,Nov
2012-12,Western Australia,1548,2012,Dec
2013-01,Western Australia,1556,2013,Jan
2013-02,Western Australia,1522,2013,Feb
2013-03,Western Australia,1670,2013,Mar
2013-04,Western Australia,1719,2013,Apr
2013-05,Western Australia,1762,2013,May
2013-06,Western Australia,1718,2013,Jun
2013-07,Western Australia,1652,2013,Jul
2013-08,Western Australia,1631,2013,Aug
2013-09,Western Australia,1604,2013,Sep
2013-10,Western Australia,1612,2013,Oct
2013-11,Western Australia,1548,2013,Nov
2013-12,Western Australia,1445,2013,Dec
2014-01,Western Australia,1606,2014,Jan
2014-02,Western Australia,1665,2014,Feb
2014-03,Western Australia,1699,2014,Mar
2014-04,Western Australia,1615,2014,Apr
2014-05,Western Australia,1708,2014,May
2014-06,Western Australia,1825,2014,Jun
2014-07,Western Australia,1596,2014,Jul
2014-08,Western Australia,1526,2014,Aug
2014-09,Western Australia,1529,2014,Sep
2014-10,Western Australia,1559,2014,Oct
2014-11,Western Australia,1527,2014,Nov
2014-12,Western Australia,1452,2014,Dec
2015-01,Western Australia,1311,2015,Jan
2015-02,Western Australia,1471,2015,Feb
2015-03,Western Australia,1480,2015,Mar
2015-04,Western Australia,1583,2015,Apr
2015-05,Western Australia,1391,2015,May
2015-06,Western Australia,1436,2015,Jun
2015-07,Western Australia,1389,2015,Jul
2015-08,Western Australia,1363,2015,Aug
2015-09,Western Australia,1352,2015,Sep
2015-10,Western Australia,1309,2015,Oct
2015-11,Western Australia,1277,2015,Nov
2015-12,Western Australia,1233,2015,Dec
2016-01,Western Australia,1210,2016,Jan
2016-02,Western Australia,1231,2016,Feb
2016-03,Western Australia,1182,2016,Mar
2016-04,Western Australia,1272,2016,Apr
2016-05,Western Australia,1191,2016,May
2016-06,Western Australia,1192,2016,Jun
2016-07,Western Australia,1212,2016,Jul
2016-08,Western Australia,1137,2016,Aug
2016-09,Western Australia,1130,2016,Sep
2016-10,Western Australia,1117,2016,Oct
2016-11,Western Australia,1190,2016,Nov
2016-12,Western Australia,1124,2016,Dec
2017-01,Western Australia,1125,2017,Jan
2017-02,Western Australia,1173,2017,Feb
2017-03,Western Australia,1160,2017,Mar
2017-04,Western Australia,1227,2017,Apr
2017-05,Western Australia,1278,2017,May
2017-06,Western Australia,1371,2017,Jun
2017-07,Western Australia,1492,2017,Jul
2017-08,Western Australia,1421,2017,Aug
2017-09,Western Australia,1261,2017,Sep
2017-10,Western Australia,1227,2017,Oct
2017-11,Western Australia,1185,2017,Nov
2017-12,Western Australia,1214,2017,Dec
2018-01,Western Australia,1193,2018,Jan
2018-02,Western Australia,1177,2018,Feb
2018-03,Western Australia,1165,2018,Mar
2018-04,Western Australia,1186,2018,Apr
2018-05,Western Australia,1194,2018,May
2018-06,Western Australia,1146,2018,Jun
2018-07,Western Australia,1164,2018,Jul
2018-08,Western Australia,1116,2018,Aug
2018-09,Western Australia,1142,2018,Sep
2018-10,Western Australia,1183,2018,Oct
2018-11,Western Australia,1198,2018,Nov
2018-12,Western Australia,1041,2018,Dec
2019-01,Western Australia,1056,2019,Jan
2019-02,Western Australia,1113,2019,Feb
2019-03,Western Australia,1068,2019,Mar
2019-04,Western Australia,1095,2019,Apr
2019-05,Western Australia,1087,2019,May
2019-06,Western Australia,1138,2019,Jun
2019-07,Western Australia,1190,2019,Jul
2019-08,Western Australia,1202,2019,Aug
2019-09,Western Australia,1176,2019,Sep
2019-10,Western Australia,1088,2019,Oct
2019-11,Western Australia,1156,2019,Nov
2019-12,Western Australia,1186,2019,Dec
2020-01,Western Australia,1208,2020,Jan
2020-02,Western Australia,1199,2020,Feb
2020-03,Western Australia,1223,2020,Mar
2020-04,Western Australia,1070,2020,Apr
2020-05,Western Australia,960,2020,May
2020-06,Western Australia,1225,2020,Jun
2020-07,Western Australia,1443,2020,Jul
2020-08,Western Australia,1722,2020,Aug
2020-09,Western Australia,2018,2020,Sep
2020-10,Western Australia,2180,2020,Oct
2020-11,Western Australia,2203,2020,Nov
2020-12,Western Australia,2432,2020,Dec
2021-01,Western Australia,2652,2021,Jan
2021-02,Western Australia,2480,2021,Feb
2021-03,Western Australia,2402,2021,Mar
2021-04,Western Australia,2187,2021,Apr
2021-05,Western Australia,2162,2021,May
2021-06,Western Australia,1959,2021,Jun
2021-07,Western Australia,1953,2021,Jul
2021-08,Western Australia,1869,2021,Aug
2021-09,Western Australia,1868,2021,Sep
2021-10,Western Australia,1541,2021,Oct
2021-11,Western Australia,1666,2021,Nov
2021-12,Western Australia,1807,2021,Dec
2022-01,Western Australia,1722,2022,Jan
2022-02,Western Australia,1655,2022,Feb
2022-03,Western Australia,1746,2022,Mar
2022-04,Western Australia,1646,2022,Apr
2022-05,Western Australia,1535,2022,May
2022-06,Western Australia,1447,2022,Jun
2022-07,Western Australia,1408,2022,Jul
2022-08,Western Australia,1585,2022,Aug
2022-09,Western Australia,1313,2022,Sep
2022-10,Western Australia,1354,2022,Oct
2022-11,Western Australia,1289,2022,Nov
2022-12,Western Australia,1209,2022,Dec
2023-01,Western Australia,1209,2023,Jan
2023-02,Western Australia,1214,2023,Feb
2023-03,Western Australia,1276,2023,Mar
2023-04,Western Australia,1328,2023,Apr
2023-05,Western Australia,1362,2023,May
2023-06,Western Australia,1402,2023,Jun
2023-07,Western Australia,1273,2023,Jul
2023-08,Western Australia,1258,2023,Aug
2023-09,Western Australia,1254,2023,Sep
2023-10,Western Australia,1342,2023,Oct
2023-11,Western Australia,1375,2023,Nov
2023-12,Western Australia,1312,2023,Dec
2024-01,Western Australia,1300,2024,Jan
2024-02,Western Australia,1287,2024,Feb
2024-03,Western Australia,1321,2024,Mar
2024-04,Western Australia,1415,2024,Apr
2024-05,Western Australia,1362,2024,May
2024-06,Western Australia,1341,2024,Jun
2024-07,Western Australia,1271,2024,Jul
2024-08,Western Australia,1294,2024,Aug
2006-08,Tasmania,176,2006,Aug
2006-09,Tasmania,205,2006,Sep
2006-10,Tasmania,176,2006,Oct
2006-11,Tasmania,198,2006,Nov
2006-12,Tasmania,185,2006,Dec
2007-01,Tasmania,147,2007,Jan
2007-02,Tasmania,165,2007,Feb
2007-03,Tasmania,175,2007,Mar
2007-04,Tasmania,178,2007,Apr
2007-05,Tasmania,182,2007,May
2007-06,Tasmania,190,2007,Jun
2007-07,Tasmania,156,2007,Jul
2007-08,Tasmania,168,2007,Aug
2007-09,Tasmania,203,2007,Sep
2007-10,Tasmania,218,2007,Oct
2007-11,Tasmania,209,2007,Nov
2007-12,Tasmania,215,2007,Dec
2008-01,Tasmania,194,2008,Jan
2008-02,Tasmania,250,2008,Feb
2008-03,Tasmania,177,2008,Mar
2008-04,Tasmania,165,2008,Apr
2008-05,Tasmania,122,2008,May
2008-06,Tasmania,182,2008,Jun
2008-07,Tasmania,195,2008,Jul
2008-08,Tasmania,205,2008,Aug
2008-09,Tasmania,175,2008,Sep
2008-10,Tasmania,160,2008,Oct
2008-11,Tasmania,243,2008,Nov
2008-12,Tasmania,290,2008,Dec
2009-01,Tasmania,325,2009,Jan
2009-02,Tasmania,366,2009,Feb
2009-03,Tasmania,359,2009,Mar
2009-04,Tasmania,240,2009,Apr
2009-05,Tasmania,258,2009,May
2009-06,Tasmania,363,2009,Jun
2009-07,Tasmania,297,2009,Jul
2009-08,Tasmania,246,2009,Aug
2009-09,Tasmania,264,2009,Sep
2009-10,Tasmania,250,2009,Oct
2009-11,Tasmania,227,2009,Nov
2009-12,Tasmania,192,2009,Dec
2010-01,Tasmania,183,2010,Jan
2010-02,Tasmania,138,2010,Feb
2010-03,Tasmania,130,2010,Mar
2010-04,Tasmania,130,2010,Apr
2010-05,Tasmania,115,2010,May
2010-06,Tasmania,107,2010,Jun
2010-07,Tasmania,115,2010,Jul
2010-08,Tasmania,128,2010,Aug
2010-09,Tasmania,130,2010,Sep
2010-10,Tasmania,115,2010,Oct
2010-11,Tasmania,107,2010,Nov
2010-12,Tasmania,118,2010,Dec
2011-01,Tasmania,123,2011,Jan
2011-02,Tasmania,86,2011,Feb
2011-03,Tasmania,117,2011,Mar
2011-04,Tasmania,130,2011,Apr
2011-05,Tasmania,126,2011,May
2011-06,Tasmania,120,2011,Jun
2011-07,Tasmania,123,2011,Jul
2011-08,Tasmania,118,2011,Aug
2011-09,Tasmania,105,2011,Sep
2011-10,Tasmania,116,2011,Oct
2011-11,Tasmania,115,2011,Nov
2011-12,Tasmania,104,2011,Dec
2012-01,Tasmania,105,2012,Jan
2012-02,Tasmania,124,2012,Feb
2012-03,Tasmania,87,2012,Mar
2012-04,Tasmania,81,2012,Apr
2012-05,Tasmania,113,2012,May
2012-06,Tasmania,119,2012,Jun
2012-07,Tasmania,115,2012,Jul
2012-08,Tasmania,119,2012,Aug
2012-09,Tasmania,137,2012,Sep
2012-10,Tasmania,135,2012,Oct
2012-11,Tasmania,123,2012,Nov
2012-12,Tasmania,118,2012,Dec
2013-01,Tasmania,124,2013,Jan
2013-02,Tasmania,131,2013,Feb
2013-03,Tasmania,114,2013,Mar
2013-04,Tasmania,127,2013,Apr
2013-05,Tasmania,143,2013,May
2013-06,Tasmania,141,2013,Jun
2013-07,Tasmania,143,2013,Jul
2013-08,Tasmania,163,2013,Aug
2013-09,Tasmania,165,2013,Sep
2013-10,Tasmania,173,2013,Oct
2013-11,Tasmania,171,2013,Nov
2013-12,Tasmania,136,2013,Dec
2014-01,Tasmania,151,2014,Jan
2014-02,Tasmania,160,2014,Feb
2014-03,Tasmania,182,2014,Mar
2014-04,Tasmania,169,2014,Apr
2014-05,Tasmania,178,2014,May
2014-06,Tasmania,211,2014,Jun
2014-07,Tasmania,183,2014,Jul
2014-08,Tasmania,151,2014,Aug
2014-09,Tasmania,153,2014,Sep
2014-10,Tasmania,132,2014,Oct
2014-11,Tasmania,113,2014,Nov
2014-12,Tasmania,168,2014,Dec
2015-01,Tasmania,170,2015,Jan
2015-02,Tasmania,159,2015,Feb
2015-03,Tasmania,140,2015,Mar
2015-04,Tasmania,146,2015,Apr
2015-05,Tasmania,128,2015,May
2015-06,Tasmania,122,2015,Jun
2015-07,Tasmania,112,2015,Jul
2015-08,Tasmania,125,2015,Aug
2015-09,Tasmania,101,2015,Sep
2015-10,Tasmania,110,2015,Oct
2015-11,Tasmania,116,2015,Nov
2015-12,Tasmania,153,2015,Dec
2016-01,Tasmania,165,2016,Jan
2016-02,Tasmania,151,2016,Feb
2016-03,Tasmania,145,2016,Mar
2016-04,Tasmania,169,2016,Apr
2016-05,Tasmania,163,2016,May
2016-06,Tasmania,137,2016,Jun
2016-07,Tasmania,144,2016,Jul
2016-08,Tasmania,142,2016,Aug
2016-09,Tasmania,142,2016,Sep
2016-10,Tasmania,131,2016,Oct
2016-11,Tasmania,155,2016,Nov
2016-12,Tasmania,137,2016,Dec
2017-01,Tasmania,126,2017,Jan
2017-02,Tasmania,142,2017,Feb
2017-03,Tasmania,147,2017,Mar
2017-04,Tasmania,128,2017,Apr
2017-05,Tasmania,130,2017,May
2017-06,Tasmania,131,2017,Jun
2017-07,Tasmania,132,2017,Jul
2017-08,Tasmania,131,2017,Aug
2017-09,Tasmania,145,2017,Sep
2017-10,Tasmania,150,2017,Oct
2017-11,Tasmania,155,2017,Nov
2017-12,Tasmania,150,2017,Dec
2018-01,Tasmania,139,2018,Jan
2018-02,Tasmania,147,2018,Feb
2018-03,Tasmania,155,2018,Mar
2018-04,Tasmania,147,2018,Apr
2018-05,Tasmania,163,2018,May
2018-06,Tasmania,164,2018,Jun
2018-07,Tasmania,191,2018,Jul
2018-08,Tasmania,164,2018,Aug
2018-09,Tasmania,164,2018,Sep
2018-10,Tasmania,220,2018,Oct
2018-11,Tasmania,183,2018,Nov
2018-12,Tasmania,155,2018,Dec
2019-01,Tasmania,172,2019,Jan
2019-02,Tasmania,169,2019,Feb
2019-03,Tasmania,167,2019,Mar
2019-04,Tasmania,187,2019,Apr
2019-05,Tasmania,146,2019,May
2019-06,Tasmania,185,2019,Jun
2019-07,Tasmania,132,2019,Jul
2019-08,Tasmania,188,2019,Aug
2019-09,Tasmania,202,2019,Sep
2019-10,Tasmania,185,2019,Oct
2019-11,Tasmania,192,2019,Nov
2019-12,Tasmania,170,2019,Dec
2020-01,Tasmania,191,2020,Jan
2020-02,Tasmania,183,2020,Feb
2020-03,Tasmania,200,2020,Mar
2020-04,Tasmania,172,2020,Apr
2020-05,Tasmania,151,2020,May
2020-06,Tasmania,195,2020,Jun
2020-07,Tasmania,211,2020,Jul
2020-08,Tasmania,274,2020,Aug
2020-09,Tasmania,249,2020,Sep
2020-10,Tasmania,339,2020,Oct
2020-11,Tasmania,242,2020,Nov
2020-12,Tasmania,256,2020,Dec
2021-01,Tasmania,269,2021,Jan
2021-02,Tasmania,280,2021,Feb
2021-03,Tasmania,255,2021,Mar
2021-04,Tasmania,251,2021,Apr
2021-05,Tasmania,243,2021,May
2021-06,Tasmania,246,2021,Jun
2021-07,Tasmania,222,2021,Jul
2021-08,Tasmania,186,2021,Aug
2021-09,Tasmania,222,2021,Sep
2021-10,Tasmania,203,2021,Oct
2021-11,Tasmania,172,2021,Nov
2021-12,Tasmania,195,2021,Dec
2022-01,Tasmania,168,2022,Jan
2022-02,Tasmania,166,2022,Feb
2022-03,Tasmania,160,2022,Mar
2022-04,Tasmania,148,2022,Apr
2022-05,Tasmania,179,2022,May
2022-06,Tasmania,176,2022,Jun
2022-07,Tasmania,167,2022,Jul
2022-08,Tasmania,191,2022,Aug
2022-09,Tasmania,153,2022,Sep
2022-10,Tasmania,143,2022,Oct
2022-11,Tasmania,159,2022,Nov
2022-12,Tasmania,163,2022,Dec
2023-01,Tasmania,150,2023,Jan
2023-02,Tasmania,156,2023,Feb
2023-03,Tasmania,159,2023,Mar
2023-04,Tasmania,163,2023,Apr
2023-05,Tasmania,161,2023,May
2023-06,Tasmania,156,2023,Jun
2023-07,Tasmania,156,2023,Jul
2023-08,Tasmania,128,2023,Aug
2023-09,Tasmania,137,2023,Sep
2023-10,Tasmania,226,2023,Oct
2023-11,Tasmania,142,2023,Nov
2023-12,Tasmania,154,2023,Dec
2024-01,Tasmania,137,2024,Jan
2024-02,Tasmania,143,2024,Feb
2024-03,Tasmania,160,2024,Mar
2024-04,Tasmania,174,2024,Apr
2024-05,Tasmania,165,2024,May
2024-06,Tasmania,153,2024,Jun
2024-07,Tasmania,163,2024,Jul
2024-08,Tasmania,175,2024,Aug
2006-08,Northern Territory,73,2006,Aug
2006-09,Northern Territory,86,2006,Sep
2006-10,Northern Territory,88,2006,Oct
2006-11,Northern Territory,90,2006,Nov
2006-12,Northern Territory,97,2006,Dec
2007-01,Northern Territory,99,2007,Jan
2007-02,Northern Territory,75,2007,Feb
2007-03,Northern Territory,108,2007,Mar
2007-04,Northern Territory,90,2007,Apr
2007-05,Northern Territory,91,2007,May
2007-06,Northern Territory,95,2007,Jun
2007-07,Northern Territory,70,2007,Jul
2007-08,Northern Territory,83,2007,Aug
2007-09,Northern Territory,89,2007,Sep
2007-10,Northern Territory,82,2007,Oct
2007-11,Northern Territory,80,2007,Nov
2007-12,Northern Territory,71,2007,Dec
2008-01,Northern Territory,73,2008,Jan
2008-02,Northern Territory,78,2008,Feb
2008-03,Northern Territory,52,2008,Mar
2008-04,Northern Territory,63,2008,Apr
2008-05,Northern Territory,89,2008,May
2008-06,Northern Territory,74,2008,Jun
2008-07,Northern Territory,93,2008,Jul
2008-08,Northern Territory,79,2008,Aug
2008-09,Northern Territory,62,2008,Sep
2008-10,Northern Territory,81,2008,Oct
2008-11,Northern Territory,103,2008,Nov
2008-12,Northern Territory,120,2008,Dec
2009-01,Northern Territory,89,2009,Jan
2009-02,Northern Territory,119,2009,Feb
2009-03,Northern Territory,116,2009,Mar
2009-04,Northern Territory,119,2009,Apr
2009-05,Northern Territory,108,2009,May
2009-06,Northern Territory,113,2009,Jun
2009-07,Northern Territory,106,2009,Jul
2009-08,Northern Territory,92,2009,Aug
2009-09,Northern Territory,96,2009,Sep
2009-10,Northern Territory,101,2009,Oct
2009-11,Northern Territory,59,2009,Nov
2009-12,Northern Territory,52,2009,Dec
2010-01,Northern Territory,57,2010,Jan
2010-02,Northern Territory,56,2010,Feb
2010-03,Northern Territory,36,2010,Mar
2010-04,Northern Territory,56,2010,Apr
2010-05,Northern Territory,52,2010,May
2010-06,Northern Territory,45,2010,Jun
2010-07,Northern Territory,46,2010,Jul
2010-08,Northern Territory,51,2010,Aug
2010-09,Northern Territory,46,2010,Sep
2010-10,Northern Territory,40,2010,Oct
2010-11,Northern Territory,43,2010,Nov
2010-12,Northern Territory,43,2010,Dec
2011-01,Northern Territory,45,2011,Jan
2011-02,Northern Territory,41,2011,Feb
2011-03,Northern Territory,68,2011,Mar
2011-04,Northern Territory,49,2011,Apr
2011-05,Northern Territory,51,2011,May
2011-06,Northern Territory,59,2011,Jun
2011-07,Northern Territory,57,2011,Jul
2011-08,Northern Territory,60,2011,Aug
2011-09,Northern Territory,59,2011,Sep
2011-10,Northern Territory,62,2011,Oct
2011-11,Northern Territory,54,2011,Nov
2011-12,Northern Territory,65,2011,Dec
2012-01,Northern Territory,67,2012,Jan
2012-02,Northern Territory,74,2012,Feb
2012-03,Northern Territory,86,2012,Mar
2012-04,Northern Territory,75,2012,Apr
2012-05,Northern Territory,73,2012,May
2012-06,Northern Territory,73,2012,Jun
2012-07,Northern Territory,77,2012,Jul
2012-08,Northern Territory,72,2012,Aug
2012-09,Northern Territory,66,2012,Sep
2012-10,Northern Territory,76,2012,Oct
2012-11,Northern Territory,86,2012,Nov
2012-12,Northern Territory,88,2012,Dec
2013-01,Northern Territory,104,2013,Jan
2013-02,Northern Territory,69,2013,Feb
2013-03,Northern Territory,58,2013,Mar
2013-04,Northern Territory,56,2013,Apr
2013-05,Northern Territory,67,2013,May
2013-06,Northern Territory,52,2013,Jun
2013-07,Northern Territory,71,2013,Jul
2013-08,Northern Territory,52,2013,Aug
2013-09,Northern Territory,50,2013,Sep
2013-10,Northern Territory,57,2013,Oct
2013-11,Northern Territory,59,2013,Nov
2013-12,Northern Territory,51,2013,Dec
2014-01,Northern Territory,50,2014,Jan
2014-02,Northern Territory,68,2014,Feb
2014-03,Northern Territory,61,2014,Mar
2014-04,Northern Territory,71,2014,Apr
2014-05,Northern Territory,72,2014,May
2014-06,Northern Territory,70,2014,Jun
2014-07,Northern Territory,70,2014,Jul
2014-08,Northern Territory,71,2014,Aug
2014-09,Northern Territory,93,2014,Sep
2014-10,Northern Territory,98,2014,Oct
2014-11,Northern Territory,77,2014,Nov
2014-12,Northern Territory,83,2014,Dec
2015-01,Northern Territory,80,2015,Jan
2015-02,Northern Territory,53,2015,Feb
2015-03,Northern Territory,53,2015,Mar
2015-04,Northern Territory,44,2015,Apr
2015-05,Northern Territory,34,2015,May
2015-06,Northern Territory,48,2015,Jun
2015-07,Northern Territory,32,2015,Jul
2015-08,Northern Territory,36,2015,Aug
2015-09,Northern Territory,33,2015,Sep
2015-10,Northern Territory,27,2015,Oct
2015-11,Northern Territory,35,2015,Nov
2015-12,Northern Territory,31,2015,Dec
2016-01,Northern Territory,43,2016,Jan
2016-02,Northern Territory,36,2016,Feb
2016-03,Northern Territory,40,2016,Mar
2016-04,Northern Territory,43,2016,Apr
2016-05,Northern Territory,42,2016,May
2016-06,Northern Territory,43,2016,Jun
2016-07,Northern Territory,57,2016,Jul
2016-08,Northern Territory,47,2016,Aug
2016-09,Northern Territory,38,2016,Sep
2016-10,Northern Territory,37,2016,Oct
2016-11,Northern Territory,43,2016,Nov
2016-12,Northern Territory,43,2016,Dec
2017-01,Northern Territory,30,2017,Jan
2017-02,Northern Territory,50,2017,Feb
2017-03,Northern Territory,57,2017,Mar
2017-04,Northern Territory,58,2017,Apr
2017-05,Northern Territory,51,2017,May
2017-06,Northern Territory,67,2017,Jun
2017-07,Northern Territory,58,2017,Jul
2017-08,Northern Territory,60,2017,Aug
2017-09,Northern Territory,72,2017,Sep
2017-10,Northern Territory,71,2017,Oct
2017-11,Northern Territory,46,2017,Nov
2017-12,Northern Territory,61,2017,Dec
2018-01,Northern Territory,65,2018,Jan
2018-02,Northern Territory,64,2018,Feb
2018-03,Northern Territory,51,2018,Mar
2018-04,Northern Territory,55,2018,Apr
2018-05,Northern Territory,64,2018,May
2018-06,Northern Territory,60,2018,Jun
2018-07,Northern Territory,56,2018,Jul
2018-08,Northern Territory,45,2018,Aug
2018-09,Northern Territory,89,2018,Sep
2018-10,Northern Territory,62,2018,Oct
2018-11,Northern Territory,76,2018,Nov
2018-12,Northern Territory,79,2018,Dec
2019-01,Northern Territory,64,2019,Jan
2019-02,Northern Territory,61,2019,Feb
2019-03,Northern Territory,76,2019,Mar
2019-04,Northern Territory,122,2019,Apr
2019-05,Northern Territory,90,2019,May
2019-06,Northern Territory,70,2019,Jun
2019-07,Northern Territory,71,2019,Jul
2019-08,Northern Territory,71,2019,Aug
2019-09,Northern Territory,64,2019,Sep
2019-10,Northern Territory,70,2019,Oct
2019-11,Northern Territory,53,2019,Nov
2019-12,Northern Territory,68,2019,Dec
2020-01,Northern Territory,66,2020,Jan
2020-02,Northern Territory,66,2020,Feb
2020-03,Northern Territory,89,2020,Mar
2020-04,Northern Territory,72,2020,Apr
2020-05,Northern Territory,65,2020,May
2020-06,Northern Territory,85,2020,Jun
2020-07,Northern Territory,102,2020,Jul
2020-08,Northern Territory,102,2020,Aug
2020-09,Northern Territory,111,2020,Sep
2020-10,Northern Territory,112,2020,Oct
2020-11,Northern Territory,127,2020,Nov
2020-12,Northern Territory,98,2020,Dec
2021-01,Northern Territory,119,2021,Jan
2021-02,Northern Territory,151,2021,Feb
2021-03,Northern Territory,129,2021,Mar
2021-04,Northern Territory,119,2021,Apr
2021-05,Northern Territory,106,2021,May
2021-06,Northern Territory,142,2021,Jun
2021-07,Northern Territory,111,2021,Jul
2021-08,Northern Territory,90,2021,Aug
2021-09,Northern Territory,77,2021,Sep
2021-10,Northern Territory,72,2021,Oct
2021-11,Northern Territory,89,2021,Nov
2021-12,Northern Territory,71,2021,Dec
2022-01,Northern Territory,66,2022,Jan
2022-02,Northern Territory,62,2022,Feb
2022-03,Northern Territory,62,2022,Mar
2022-04,Northern Territory,58,2022,Apr
2022-05,Northern Territory,71,2022,May
2022-06,Northern Territory,77,2022,Jun
2022-07,Northern Territory,77,2022,Jul
2022-08,Northern Territory,84,2022,Aug
2022-09,Northern Territory,82,2022,Sep
2022-10,Northern Territory,72,2022,Oct
2022-11,Northern Territory,60,2022,Nov
2022-12,Northern Territory,63,2022,Dec
2023-01,Northern Territory,74,2023,Jan
2023-02,Northern Territory,70,2023,Feb
2023-03,Northern Territory,78,2023,Mar
2023-04,Northern Territory,70,2023,Apr
2023-05,Northern Territory,65,2023,May
2023-06,Northern Territory,46,2023,Jun
2023-07,Northern Territory,50,2023,Jul
2023-08,Northern Territory,55,2023,Aug
2023-09,Northern Territory,50,2023,Sep
2023-10,Northern Territory,69,2023,Oct
2023-11,Northern Territory,66,2023,Nov
2023-12,Northern Territory,72,2023,Dec
2024-01,Northern Territory,51,2024,Jan
2024-02,Northern Territory,62,2024,Feb
2024-03,Northern Territory,54,2024,Mar
2024-04,Northern Territory,88,2024,Apr
2024-05,Northern Territory,66,2024,May
2024-06,Northern Territory,60,2024,Jun
2024-07,Northern Territory,52,2024,Jul
2024-08,Northern Territory,53,2024,Aug
2006-08,Australian Capital Territory,175,2006,Aug
2006-09,Australian Capital Territory,183,2006,Sep
2006-10,Australian Capital Territory,165,2006,Oct
2006-11,Australian Capital Territory,181,2006,Nov
2006-12,Australian Capital Territory,158,2006,Dec
2007-01,Australian Capital Territory,139,2007,Jan
2007-02,Australian Capital Territory,170,2007,Feb
2007-03,Australian Capital Territory,166,2007,Mar
2007-04,Australian Capital Territory,158,2007,Apr
2007-05,Australian Capital Territory,137,2007,May
2007-06,Australian Capital Territory,167,2007,Jun
2007-07,Australian Capital Territory,157,2007,Jul
2007-08,Australian Capital Territory,137,2007,Aug
2007-09,Australian Capital Territory,139,2007,Sep
2007-10,Australian Capital Territory,137,2007,Oct
2007-11,Australian Capital Territory,140,2007,Nov
2007-12,Australian Capital Territory,152,2007,Dec
2008-01,Australian Capital Territory,149,2008,Jan
2008-02,Australian Capital Territory,93,2008,Feb
2008-03,Australian Capital Territory,126,2008,Mar
2008-04,Australian Capital Territory,151,2008,Apr
2008-05,Australian Capital Territory,110,2008,May
2008-06,Australian Capital Territory,107,2008,Jun
2008-07,Australian Capital Territory,109,2008,Jul
2008-08,Australian Capital Territory,130,2008,Aug
2008-09,Australian Capital Territory,122,2008,Sep
2008-10,Australian Capital Territory,156,2008,Oct
2008-11,Australian Capital Territory,150,2008,Nov
2008-12,Australian Capital Territory,207,2008,Dec
2009-01,Australian Capital Territory,227,2009,Jan
2009-02,Australian Capital Territory,237,2009,Feb
2009-03,Australian Capital Territory,266,2009,Mar
2009-04,Australian Capital Territory,290,2009,Apr
2009-05,Australian Capital Territory,296,2009,May
2009-06,Australian Capital Territory,301,2009,Jun
2009-07,Australian Capital Territory,247,2009,Jul
2009-08,Australian Capital Territory,224,2009,Aug
2009-09,Australian Capital Territory,265,2009,Sep
2009-10,Australian Capital Territory,250,2009,Oct
2009-11,Australian Capital Territory,200,2009,Nov
2009-12,Australian Capital Territory,160,2009,Dec
2010-01,Australian Capital Territory,124,2010,Jan
2010-02,Australian Capital Territory,176,2010,Feb
2010-03,Australian Capital Territory,142,2010,Mar
2010-04,Australian Capital Territory,126,2010,Apr
2010-05,Australian Capital Territory,115,2010,May
2010-06,Australian Capital Territory,107,2010,Jun
2010-07,Australian Capital Territory,119,2010,Jul
2010-08,Australian Capital Territory,110,2010,Aug
2010-09,Australian Capital Territory,114,2010,Sep
2010-10,Australian Capital Territory,108,2010,Oct
2010-11,Australian Capital Territory,116,2010,Nov
2010-12,Australian Capital Territory,122,2010,Dec
2011-01,Australian Capital Territory,102,2011,Jan
2011-02,Australian Capital Territory,116,2011,Feb
2011-03,Australian Capital Territory,88,2011,Mar
2011-04,Australian Capital Territory,122,2011,Apr
2011-05,Australian Capital Territory,115,2011,May
2011-06,Australian Capital Territory,119,2011,Jun
2011-07,Australian Capital Territory,114,2011,Jul
2011-08,Australian Capital Territory,110,2011,Aug
2011-09,Australian Capital Territory,108,2011,Sep
2011-10,Australian Capital Territory,110,2011,Oct
2011-11,Australian Capital Territory,133,2011,Nov
2011-12,Australian Capital Territory,124,2011,Dec
2012-01,Australian Capital Territory,127,2012,Jan
2012-02,Australian Capital Territory,111,2012,Feb
2012-03,Australian Capital Territory,112,2012,Mar
2012-04,Australian Capital Territory,111,2012,Apr
2012-05,Australian Capital Territory,124,2012,May
2012-06,Australian Capital Territory,89,2012,Jun
2012-07,Australian Capital Territory,139,2012,Jul
2012-08,Australian Capital Territory,135,2012,Aug
2012-09,Australian Capital Territory,120,2012,Sep
2012-10,Australian Capital Territory,120,2012,Oct
2012-11,Australian Capital Territory,112,2012,Nov
2012-12,Australian Capital Territory,113,2012,Dec
2013-01,Australian Capital Territory,133,2013,Jan
2013-02,Australian Capital Territory,137,2013,Feb
2013-03,Australian Capital Territory,135,2013,Mar
2013-04,Australian Capital Territory,141,2013,Apr
2013-05,Australian Capital Territory,140,2013,May
2013-06,Australian Capital Territory,127,2013,Jun
2013-07,Australian Capital Territory,141,2013,Jul
2013-08,Australian Capital Territory,158,2013,Aug
2013-09,Australian Capital Territory,161,2013,Sep
2013-10,Australian Capital Territory,135,2013,Oct
2013-11,Australian Capital Territory,132,2013,Nov
2013-12,Australian Capital Territory,140,2013,Dec
2014-01,Australian Capital Territory,130,2014,Jan
2014-02,Australian Capital Territory,142,2014,Feb
2014-03,Australian Capital Territory,146,2014,Mar
2014-04,Australian Capital Territory,120,2014,Apr
2014-05,Australian Capital Territory,128,2014,May
2014-06,Australian Capital Territory,143,2014,Jun
2014-07,Australian Capital Territory,144,2014,Jul
2014-08,Australian Capital Territory,149,2014,Aug
2014-09,Australian Capital Territory,156,2014,Sep
2014-10,Australian Capital Territory,190,2014,Oct
2014-11,Australian Capital Territory,158,2014,Nov
2014-12,Australian Capital Territory,162,2014,Dec
2015-01,Australian Capital Territory,167,2015,Jan
2015-02,Australian Capital Territory,164,2015,Feb
2015-03,Australian Capital Territory,152,2015,Mar
2015-04,Australian Capital Territory,170,2015,Apr
2015-05,Australian Capital Territory,165,2015,May
2015-06,Australian Capital Territory,161,2015,Jun
2015-07,Australian Capital Territory,133,2015,Jul
2015-08,Australian Capital Territory,126,2015,Aug
2015-09,Australian Capital Territory,150,2015,Sep
2015-10,Australian Capital Territory,124,2015,Oct
2015-11,Australian Capital Territory,155,2015,Nov
2015-12,Australian Capital Territory,140,2015,Dec
2016-01,Australian Capital Territory,156,2016,Jan
2016-02,Australian Capital Territory,145,2016,Feb
2016-03,Australian Capital Territory,141,2016,Mar
2016-04,Australian Capital Territory,148,2016,Apr
2016-05,Australian Capital Territory,156,2016,May
2016-06,Australian Capital Territory,152,2016,Jun
2016-07,Australian Capital Territory,149,2016,Jul
2016-08,Australian Capital Territory,130,2016,Aug
2016-09,Australian Capital Territory,115,2016,Sep
2016-10,Australian Capital Territory,124,2016,Oct
2016-11,Australian Capital Territory,128,2016,Nov
2016-12,Australian Capital Territory,148,2016,Dec
2017-01,Australian Capital Territory,188,2017,Jan
2017-02,Australian Capital Territory,106,2017,Feb
2017-03,Australian Capital Territory,119,2017,Mar
2017-04,Australian Capital Territory,170,2017,Apr
2017-05,Australian Capital Territory,172,2017,May
2017-06,Australian Capital Territory,217,2017,Jun
2017-07,Australian Capital Territory,212,2017,Jul
2017-08,Australian Capital Territory,231,2017,Aug
2017-09,Australian Capital Territory,220,2017,Sep
2017-10,Australian Capital Territory,225,2017,Oct
2017-11,Australian Capital Territory,229,2017,Nov
2017-12,Australian Capital Territory,199,2017,Dec
2018-01,Australian Capital Territory,207,2018,Jan
2018-02,Australian Capital Territory,305,2018,Feb
2018-03,Australian Capital Territory,233,2018,Mar
2018-04,Australian Capital Territory,224,2018,Apr
2018-05,Australian Capital Territory,156,2018,May
2018-06,Australian Capital Territory,169,2018,Jun
2018-07,Australian Capital Territory,165,2018,Jul
2018-08,Australian Capital Territory,172,2018,Aug
2018-09,Australian Capital Territory,175,2018,Sep
2018-10,Australian Capital Territory,202,2018,Oct
2018-11,Australian Capital Territory,224,2018,Nov
2018-12,Australian Capital Territory,164,2018,Dec
2019-01,Australian Capital Territory,136,2019,Jan
2019-02,Australian Capital Territory,140,2019,Feb
2019-03,Australian Capital Territory,153,2019,Mar
2019-04,Australian Capital Territory,129,2019,Apr
2019-05,Australian Capital Territory,144,2019,May
2019-06,Australian Capital Territory,146,2019,Jun
2019-07,Australian Capital Territory,186,2019,Jul
2019-08,Australian Capital Territory,192,2019,Aug
2019-09,Australian Capital Territory,205,2019,Sep
2019-10,Australian Capital Territory,214,2019,Oct
2019-11,Australian Capital Territory,231,2019,Nov
2019-12,Australian Capital Territory,242,2019,Dec
2020-01,Australian Capital Territory,221,2020,Jan
2020-02,Australian Capital Territory,241,2020,Feb
2020-03,Australian Capital Territory,218,2020,Mar
2020-04,Australian Capital Territory,246,2020,Apr
2020-05,Australian Capital Territory,240,2020,May
2020-06,Australian Capital Territory,229,2020,Jun
2020-07,Australian Capital Territory,240,2020,Jul
2020-08,Australian Capital Territory,264,2020,Aug
2020-09,Australian Capital Territory,302,2020,Sep
2020-10,Australian Capital Territory,301,2020,Oct
2020-11,Australian Capital Territory,263,2020,Nov
2020-12,Australian Capital Territory,332,2020,Dec
2021-01,Australian Capital Territory,343,2021,Jan
2021-02,Australian Capital Territory,288,2021,Feb
2021-03,Australian Capital Territory,319,2021,Mar
2021-04,Australian Capital Territory,298,2021,Apr
2021-05,Australian Capital Territory,283,2021,May
2021-06,Australian Capital Territory,320,2021,Jun
2021-07,Australian Capital Territory,324,2021,Jul
2021-08,Australian Capital Territory,282,2021,Aug
2021-09,Australian Capital Territory,250,2021,Sep
2021-10,Australian Capital Territory,231,2021,Oct
2021-11,Australian Capital Territory,264,2021,Nov
2021-12,Australian Capital Territory,268,2021,Dec
2022-01,Australian Capital Territory,313,2022,Jan
2022-02,Australian Capital Territory,201,2022,Feb
2022-03,Australian Capital Territory,291,2022,Mar
2022-04,Australian Capital Territory,305,2022,Apr
2022-05,Australian Capital Territory,329,2022,May
2022-06,Australian Capital Territory,284,2022,Jun
2022-07,Australian Capital Territory,296,2022,Jul
2022-08,Australian Capital Territory,314,2022,Aug
2022-09,Australian Capital Territory,272,2022,Sep
2022-10,Australian Capital Territory,274,2022,Oct
2022-11,Australian Capital Territory,215,2022,Nov
2022-12,Australian Capital Territory,204,2022,Dec
2023-01,Australian Capital Territory,252,2023,Jan
2023-02,Australian Capital Territory,264,2023,Feb
2023-03,Australian Capital Territory,242,2023,Mar
2023-04,Australian Capital Territory,236,2023,Apr
2023-05,Australian Capital Territory,259,2023,May
2023-06,Australian Capital Territory,278,2023,Jun
2023-07,Australian Capital Territory,204,2023,Jul
2023-08,Australian Capital Territory,218,2023,Aug
2023-09,Australian Capital Territory,241,2023,Sep
2023-10,Australian Capital Territory,252,2023,Oct
2023-11,Australian Capital Territory,285,2023,Nov
2023-12,Australian Capital Territory,236,2023,Dec
2024-01,Australian Capital Territory,228,2024,Jan
2024-02,Australian Capital Territory,241,2024,Feb
2024-03,Australian Capital Territory,244,2024,Mar
2024-04,Australian Capital Territory,232,2024,Apr
2024-05,Australian Capital Territory,229,2024,May
2024-06,Australian Capital Territory,253,2024,Jun
2024-07,Australian Capital Territory,220,2024,Jul
2024-08,Australian Capital Territory,207,2024,Aug
